41.0,-127.0,69.0,-3.0,-13.0,-69.0,-7.0,-60.0,-44.0,-22.0,39.0,-122.0,33.0,-44.0,158.0,-136.0,28.0,60.0,91.0,-62.0,-7.0,58.0,45.0,53.0,81.0,-144.0,66.0,37.0,-21.0,79.0,87.0,-163.0,141.0,-70.0,-27.0,-16.0,49.0,-13.0,-13.0,-28.0,69.0,5.0,-87.0,-6.0,51.0,-78.0,7.0,-4.0,43.0,-55.0,106.0,-73.0,6.0,1.0,-33.0,23.0,66.0,-51.0,-6.0,-44.0,42.0,-127.0,57.0,-42.0,18.0,30.0,-77.0,76.0,-54.0,36.0,7.0,-32.0,67.0,-45.0,-44.0,26.0,-8.0,6.0,13.0,-49.0,48.0,-86.0,-44.0,135.0,-81.0,24.0,27.0,-62.0,52.0,-59.0,10.0,-17.0,-33.0,11.0,-19.0,1.0,21.0,-47.0
-2.0,13.0,189.0,-107.0,117.0,46.0,-101.0,79.0,22.0,-111.0,224.0,-108.0,119.0,-114.0,108.0,-3.0,-53.0,-47.0,79.0,-20.0,-15.0,23.0,-13.0,52.0,48.0,123.0,-184.0,117.0,-100.0,4.0,11.0,-108.0,120.0,-104.0,95.0,-64.0,29.0,3.0,-13.0,14.0,-3.0,-22.0,66.0,-73.0,8.0,-35.0,60.0,-109.0,62.0,-47.0,25.0,-39.0,64.0,-19.0,13.0,6.0,11.0,26.0,-14.0,-8.0,46.0,-75.0,68.0,-32.0,57.0,-37.0,-18.0,36.0,-2.0,-40.0,7.0,-25.0,78.0,-21.0,-43.0,34.0,-75.0,67.0,3.0,-30.0,41.0,-24.0,-24.0,98.0,-96.0,13.0,7.0,-26.0,61.0,39.0,88.0,105.0,73.0,61.0,33.0,-25.0,41.0,-32.0
94.0,-105.0,166.0,-94.0,15.0,70.0,85.0,-68.0,71.0,-44.0,171.0,-79.0,-53.0,87.0,75.0,22.0,-30.0,9.0,6.0,-90.0,-10.0,-118.0,96.0,-91.0,-70.0,49.0,44.0,-18.0,13.0,19.0,84.0,-152.0,-3.0,-61.0,47.0,-5.0,-47.0,9.0,-74.0,-5.0,-121.0,138.0,11.0,38.0,57.0,-56.0,-33.0,-10.0,37.0,-37.0,12.0,-15.0,19.0,-38.0,-30.0,43.0,-79.0,4.0,31.0,-34.0,91.0,-92.0,97.0,-48.0,47.0,-5.0,-31.0,31.0,6.0,14.0,-31.0,10.0,-19.0,36.0,-101.0,132.0,-90.0,43.0,-32.0,2.0,4.0,-13.0,-53.0,162.0,-110.0,24.0,19.0,-4.0,154.0,60.0,32.0,112.0,87.0,19.0,215.0,-47.0,10.0,-1.0
32.0,-85.0,196.0,-39.0,-32.0,85.0,-56.0,-6.0,131.0,-216.0,63.0,9.0,-10.0,-68.0,41.0,-102.0,-101.0,53.0,9.0,41.0,-19.0,-53.0,11.0,112.0,-53.0,61.0,-73.0,24.0,-36.0,46.0,28.0,-128.0,230.0,-163.0,78.0,-46.0,62.0,-20.0,61.0,-49.0,-38.0,12.0,-57.0,89.0,23.0,94.0,-4.0,7.0,-13.0,-10.0,61.0,-59.0,17.0,-10.0,-35.0,41.0,-133.0,106.0,-53.0,12.0,42.0,-30.0,4.0,-27.0,-13.0,-29.0,-84.0,-34.0,-70.0,92.0,-62.0,74.0,-30.0,45.0,-136.0,175.0,-99.0,26.0,19.0,-28.0,2.0,-49.0,0.0,88.0,-4.0,90.0,58.0,55.0,113.0,-115.0,-134.0,-120.0,-181.0,-201.0,105.0,119.0,2.0,-42.0
27.0,-100.0,79.0,-41.0,-80.0,75.0,5.0,16.0,89.0,-90.0,36.0,-27.0,-63.0,4.0,-8.0,56.0,-25.0,-4.0,-94.0,100.0,-31.0,-48.0,-79.0,-4.0,-146.0,31.0,50.0,-22.0,-32.0,-25.0,87.0,-172.0,128.0,-29.0,26.0,-130.0,66.0,-31.0,52.0,80.0,-113.0,50.0,34.0,-17.0,-25.0,16.0,-104.0,28.0,28.0,-103.0,5.0,-90.0,29.0,41.0,-100.0,177.0,-54.0,-54.0,21.0,-28.0,0.0,-30.0,42.0,-59.0,38.0,47.0,-135.0,156.0,-15.0,7.0,-36.0,-57.0,18.0,16.0,-39.0,62.0,-55.0,31.0,51.0,-73.0,55.0,-27.0,20.0,81.0,126.0,46.0,-49.0,-5.0,-90.0,-96.0,-57.0,-22.0,-86.0,-86.0,-382.0,392.0,27.0,-22.0
2.0,-66.0,13.0,-60.0,55.0,-69.0,-36.0,-7.0,94.0,-96.0,73.0,-61.0,42.0,9.0,-101.0,32.0,62.0,49.0,-117.0,2.0,-23.0,35.0,-18.0,18.0,-34.0,-36.0,-4.0,-37.0,5.0,-12.0,51.0,-11.0,95.0,-28.0,30.0,-13.0,64.0,-23.0,83.0,-44.0,39.0,-29.0,-4.0,40.0,38.0,-2.0,70.0,-65.0,91.0,-117.0,138.0,-129.0,39.0,21.0,-107.0,22.0,144.0,-23.0,-83.0,-80.0,100.0,-131.0,65.0,36.0,-92.0,83.0,-38.0,25.0,-209.0,268.0,-172.0,72.0,9.0,-63.0,6.0,5.0,-87.0,5.0,-16.0,-27.0,51.0,-24.0,60.0,21.0,-44.0,-98.0,-61.0,-38.0,-53.0,-27.0,-22.0,36.0,11.0,-21.0,-248.0,14.0,147.0,-21.0
-22.0,63.0,-23.0,-166.0,28.0,-2.0,26.0,-69.0,117.0,-153.0,80.0,-4.0,-65.0,155.0,-136.0,106.0,102.0,-130.0,88.0,21.0,16.0,104.0,-24.0,98.0,13.0,26.0,25.0,13.0,-8.0,-66.0,-31.0,53.0,7.0,-30.0,81.0,-110.0,63.0,-48.0,21.0,-34.0,55.0,-40.0,-60.0,3.0,-14.0,43.0,-28.0,46.0,59.0,-69.0,97.0,35.0,-13.0,44.0,-27.0,35.0,-100.0,117.0,-35.0,7.0,-73.0,102.0,-55.0,53.0,108.0,-47.0,0.0,-25.0,-26.0,58.0,38.0,-13.0,-54.0,76.0,-36.0,112.0,-134.0,112.0,-57.0,-38.0,86.0,13.0,61.0,-23.0,-50.0,-49.0,-20.0,3.0,-3.0,-8.0,26.0,18.0,9.0,28.0,-32.0,-320.0,329.0,-43.0
-56.0,25.0,60.0,-40.0,74.0,-49.0,6.0,38.0,92.0,-125.0,158.0,-84.0,-13.0,45.0,-122.0,73.0,38.0,-73.0,-9.0,26.0,-154.0,168.0,-70.0,-5.0,28.0,-115.0,-56.0,84.0,-9.0,2.0,-32.0,6.0,-41.0,-63.0,70.0,-15.0,-38.0,36.0,-12.0,-73.0,97.0,-17.0,-41.0,53.0,-1.0,-97.0,-8.0,-5.0,1.0,35.0,-51.0,71.0,-75.0,-35.0,37.0,8.0,68.0,22.0,-32.0,27.0,-52.0,-6.0,10.0,-30.0,-21.0,1.0,-86.0,157.0,-108.0,34.0,35.0,44.0,-50.0,-41.0,-29.0,21.0,-53.0,4.0,-23.0,-55.0,115.0,10.0,14.0,-32.0,-19.0,23.0,-4.0,2.0,-18.0,-44.0,-6.0,10.0,-15.0,7.0,1.0,-266.0,243.0,-3.0
-51.0,54.0,76.0,-33.0,79.0,-57.0,-7.0,-18.0,87.0,-161.0,114.0,-83.0,26.0,39.0,-39.0,-2.0,37.0,-54.0,45.0,-25.0,24.0,83.0,-75.0,66.0,9.0,-64.0,40.0,-5.0,-18.0,-20.0,5.0,-21.0,3.0,-22.0,56.0,-61.0,121.0,-117.0,84.0,-92.0,-5.0,35.0,59.0,-76.0,37.0,4.0,17.0,-14.0,7.0,-19.0,79.0,-105.0,123.0,-44.0,-42.0,-170.0,123.0,-41.0,46.0,-22.0,28.0,-38.0,-27.0,-95.0,141.0,-36.0,-39.0,78.0,22.0,-23.0,-194.0,132.0,12.0,16.0,19.0,-68.0,29.0,61.0,-100.0,-2.0,86.0,61.0,-43.0,-142.0,-2.0,38.0,27.0,10.0,3.0,15.0,13.0,-9.0,-11.0,-9.0,13.0,-175.0,54.0,110.0
-53.0,-27.0,138.0,-114.0,84.0,-48.0,-7.0,-6.0,126.0,-118.0,152.0,-97.0,57.0,17.0,-4.0,32.0,95.0,-66.0,54.0,-5.0,-57.0,104.0,-244.0,182.0,-54.0,55.0,-2.0,-4.0,35.0,40.0,-50.0,53.0,43.0,-81.0,89.0,-56.0,33.0,-34.0,31.0,-8.0,-8.0,-7.0,-192.0,120.0,8.0,-49.0,-11.0,10.0,-45.0,-23.0,-1.0,-14.0,13.0,43.0,5.0,20.0,-4.0,44.0,14.0,-17.0,-39.0,47.0,121.0,-45.0,44.0,12.0,-27.0,44.0,24.0,-16.0,-24.0,-11.0,-54.0,53.0,-18.0,73.0,-22.0,100.0,6.0,-87.0,26.0,127.0,-154.0,-119.0,-17.0,9.0,21.0,-1.0,-8.0,33.0,8.0,36.0,12.0,-8.0,-15.0,-56.0,-259.0,369.0
35.0,-92.0,124.0,-178.0,95.0,-62.0,-23.0,-18.0,100.0,-98.0,53.0,-6.0,-58.0,18.0,-65.0,31.0,64.0,-55.0,61.0,-22.0,-77.0,195.0,-153.0,137.0,-69.0,29.0,54.0,-66.0,-69.0,77.0,-65.0,-13.0,9.0,-65.0,80.0,-103.0,176.0,-146.0,47.0,-9.0,-35.0,55.0,-13.0,-81.0,11.0,-78.0,61.0,-32.0,16.0,-34.0,11.0,29.0,-2.0,-6.0,35.0,-49.0,-59.0,51.0,-82.0,55.0,31.0,-11.0,3.0,-29.0,62.0,-3.0,-92.0,137.0,-69.0,83.0,-45.0,67.0,63.0,-115.0,104.0,-77.0,-14.0,38.0,294.0,-206.0,28.0,218.0,-181.0,-84.0,-13.0,-10.0,19.0,28.0,2.0,15.0,-5.0,44.0,-3.0,-16.0,4.0,-1.0,-366.0,340.0
-61.0,-24.0,114.0,-112.0,11.0,-23.0,-12.0,18.0,62.0,-91.0,70.0,-29.0,4.0,8.0,-11.0,39.0,-19.0,30.0,47.0,-35.0,-109.0,162.0,-131.0,136.0,-52.0,41.0,-27.0,72.0,16.0,-21.0,42.0,-51.0,33.0,-86.0,115.0,-134.0,175.0,-3.0,-9.0,34.0,-15.0,175.0,19.0,1.0,121.0,-39.0,-6.0,57.0,-44.0,-5.0,-43.0,-99.0,-2.0,13.0,42.0,-21.0,-101.0,26.0,-33.0,-12.0,-24.0,16.0,8.0,-57.0,49.0,36.0,-69.0,52.0,-2.0,47.0,-62.0,59.0,22.0,-89.0,50.0,51.0,-71.0,137.0,124.0,-124.0,16.0,195.0,-149.0,-56.0,5.0,8.0,-18.0,-7.0,10.0,25.0,-8.0,-26.0,15.0,-27.0,-18.0,-12.0,-317.0,277.0
8.0,-92.0,-7.0,49.0,8.0,-79.0,-32.0,65.0,26.0,-61.0,10.0,-49.0,12.0,10.0,-63.0,54.0,-77.0,31.0,41.0,-20.0,-20.0,54.0,-97.0,81.0,-82.0,23.0,-23.0,2.0,49.0,-44.0,-17.0,33.0,-56.0,-30.0,216.0,-358.0,202.0,-63.0,46.0,-29.0,83.0,134.0,-137.0,-128.0,211.0,-15.0,1.0,-12.0,-50.0,-5.0,65.0,-16.0,-58.0,8.0,113.0,11.0,58.0,32.0,55.0,45.0,-41.0,-19.0,36.0,-130.0,50.0,-58.0,-53.0,-15.0,-69.0,100.0,-37.0,36.0,78.0,-116.0,21.0,9.0,-22.0,42.0,-12.0,-118.0,-11.0,168.0,-134.0,-70.0,1.0,15.0,-18.0,-35.0,-22.0,16.0,26.0,-38.0,20.0,-8.0,8.0,-35.0,-407.0,322.0
92.0,-45.0,133.0,-127.0,111.0,-57.0,-129.0,134.0,-42.0,-45.0,84.0,-190.0,-38.0,-16.0,-23.0,20.0,36.0,-52.0,47.0,-25.0,-25.0,9.0,-42.0,75.0,-112.0,6.0,-54.0,-58.0,40.0,22.0,11.0,11.0,-22.0,-50.0,209.0,-277.0,111.0,-142.0,35.0,-15.0,123.0,-95.0,-315.0,-144.0,155.0,43.0,-40.0,66.0,-1.0,103.0,79.0,27.0,53.0,-45.0,74.0,40.0,30.0,66.0,58.0,62.0,20.0,5.0,-2.0,-49.0,15.0,-61.0,-12.0,56.0,-149.0,148.0,-78.0,-62.0,120.0,-64.0,66.0,-30.0,67.0,-60.0,-48.0,-46.0,-21.0,149.0,-50.0,-83.0,-5.0,-9.0,-7.0,2.0,-11.0,-1.0,-1.0,-11.0,0.0,-4.0,31.0,-106.0,-152.0,273.0
11.0,-34.0,125.0,-103.0,166.0,-79.0,13.0,-5.0,-115.0,32.0,35.0,-13.0,76.0,12.0,-65.0,80.0,-55.0,24.0,1.0,-13.0,-41.0,35.0,-114.0,88.0,68.0,-8.0,56.0,-48.0,-13.0,-23.0,-1.0,-35.0,-112.0,26.0,51.0,-159.0,78.0,-112.0,31.0,48.0,-70.0,-321.0,-35.0,69.0,115.0,52.0,-1.0,43.0,-53.0,-1.0,0.0,-2.0,-49.0,-42.0,6.0,-8.0,-55.0,-60.0,-51.0,-5.0,40.0,61.0,81.0,-68.0,70.0,42.0,-84.0,80.0,-144.0,129.0,-58.0,13.0,28.0,-38.0,-10.0,36.0,136.0,-75.0,-14.0,-20.0,-31.0,140.0,48.0,-52.0,-33.0,-1.0,-3.0,3.0,-21.0,-53.0,12.0,30.0,-12.0,3.0,30.0,-178.0,-18.0,202.0
-36.0,-68.0,65.0,-49.0,101.0,-99.0,35.0,45.0,25.0,25.0,157.0,-148.0,-6.0,43.0,-66.0,23.0,-61.0,37.0,-21.0,14.0,-36.0,68.0,-117.0,65.0,-169.0,168.0,51.0,-13.0,-4.0,-2.0,5.0,88.0,-57.0,-5.0,128.0,-72.0,157.0,-65.0,69.0,34.0,6.0,78.0,195.0,110.0,2.0,-3.0,-17.0,-54.0,-18.0,-39.0,-20.0,-6.0,8.0,-2.0,18.0,20.0,-4.0,-24.0,-39.0,-40.0,-106.0,-43.0,60.0,-32.0,57.0,18.0,30.0,-5.0,-16.0,-78.0,-71.0,-22.0,16.0,-119.0,51.0,-29.0,140.0,-102.0,61.0,-118.0,-11.0,127.0,102.0,-27.0,-88.0,-8.0,-8.0,-21.0,3.0,-22.0,38.0,62.0,13.0,-10.0,64.0,-208.0,40.0,159.0
11.0,-45.0,115.0,-112.0,88.0,-43.0,-4.0,39.0,-1.0,-40.0,115.0,-110.0,158.0,-76.0,91.0,-97.0,-59.0,50.0,-54.0,4.0,-41.0,64.0,-157.0,177.0,-198.0,48.0,-36.0,80.0,-56.0,100.0,-88.0,125.0,82.0,-10.0,54.0,30.0,87.0,34.0,97.0,65.0,47.0,63.0,31.0,-54.0,-69.0,-35.0,-14.0,18.0,50.0,17.0,39.0,46.0,13.0,-3.0,-33.0,-75.0,-57.0,-24.0,-28.0,27.0,-12.0,-5.0,41.0,-15.0,-38.0,2.0,19.0,16.0,41.0,20.0,37.0,-110.0,2.0,-63.0,-103.0,115.0,6.0,-33.0,42.0,-132.0,64.0,80.0,135.0,-95.0,-81.0,11.0,-11.0,4.0,7.0,-15.0,-65.0,74.0,44.0,8.0,93.0,-251.0,251.0,81.0
-51.0,6.0,130.0,-95.0,46.0,-16.0,33.0,-20.0,-56.0,10.0,96.0,-115.0,48.0,48.0,29.0,61.0,-46.0,28.0,-3.0,61.0,-77.0,99.0,-36.0,137.0,-46.0,2.0,5.0,24.0,-69.0,44.0,-98.0,123.0,9.0,29.0,29.0,33.0,14.0,-50.0,-23.0,-72.0,-24.0,-54.0,-38.0,-45.0,-30.0,-9.0,-2.0,-46.0,-36.0,-3.0,-51.0,-35.0,-56.0,-46.0,18.0,54.0,65.0,59.0,14.0,-34.0,-44.0,21.0,26.0,36.0,-34.0,-16.0,7.0,3.0,0.0,82.0,-10.0,126.0,37.0,-14.0,-16.0,125.0,-26.0,-8.0,-45.0,-67.0,39.0,51.0,112.0,-107.0,-55.0,22.0,-17.0,-5.0,-10.0,5.0,-38.0,-40.0,41.0,31.0,41.0,-318.0,266.0,56.0
-63.0,42.0,14.0,-25.0,21.0,9.0,44.0,-78.0,-31.0,-30.0,73.0,-96.0,71.0,1.0,28.0,81.0,-140.0,42.0,-6.0,6.0,-38.0,56.0,-67.0,92.0,-9.0,-6.0,-27.0,43.0,34.0,21.0,-48.0,57.0,-20.0,-56.0,-20.0,-19.0,-56.0,-65.0,-32.0,-15.0,-34.0,-21.0,-15.0,27.0,-47.0,-30.0,32.0,9.0,-74.0,-58.0,-76.0,-30.0,7.0,20.0,-23.0,-17.0,25.0,20.0,54.0,71.0,58.0,71.0,34.0,17.0,-37.0,-15.0,25.0,35.0,-27.0,39.0,-34.0,56.0,128.0,-3.0,242.0,-85.0,-11.0,16.0,-22.0,43.0,29.0,36.0,64.0,-140.0,-32.0,26.0,0.0,-7.0,-16.0,8.0,-34.0,-38.0,-25.0,50.0,-190.0,-246.0,374.0,-125.0
1.0,71.0,-29.0,-135.0,41.0,-35.0,-31.0,75.0,-14.0,-24.0,54.0,-92.0,15.0,-38.0,6.0,46.0,12.0,-9.0,36.0,-4.0,-36.0,83.0,-66.0,-22.0,-69.0,37.0,2.0,19.0,19.0,49.0,-4.0,-27.0,-25.0,-15.0,-58.0,-79.0,-27.0,17.0,16.0,-24.0,-24.0,29.0,-33.0,9.0,-40.0,-1.0,17.0,-5.0,31.0,77.0,95.0,67.0,93.0,86.0,14.0,39.0,56.0,40.0,171.0,191.0,250.0,231.0,237.0,198.0,126.0,56.0,21.0,14.0,-1.0,-15.0,-80.0,-16.0,63.0,11.0,56.0,9.0,14.0,8.0,16.0,1.0,-5.0,39.0,10.0,-70.0,-23.0,-25.0,-26.0,-11.0,-19.0,16.0,-27.0,5.0,-46.0,-31.0,-329.0,-18.0,290.0,-47.0
-73.0,90.0,-38.0,13.0,50.0,-14.0,43.0,20.0,8.0,-24.0,57.0,-35.0,37.0,-17.0,11.0,24.0,-9.0,-13.0,9.0,18.0,-18.0,58.0,-42.0,114.0,31.0,28.0,-26.0,5.0,-16.0,-14.0,-56.0,-82.0,-59.0,9.0,-1.0,15.0,-4.0,45.0,5.0,-19.0,28.0,61.0,-28.0,60.0,4.0,-5.0,7.0,35.0,73.0,13.0,34.0,39.0,32.0,75.0,112.0,89.0,95.0,5.0,-11.0,-75.0,-112.0,-210.0,-144.0,-109.0,0.0,155.0,79.0,30.0,-69.0,64.0,0.0,-135.0,-76.0,-41.0,83.0,78.0,2.0,-70.0,-74.0,-46.0,39.0,35.0,-16.0,-47.0,-37.0,-6.0,-19.0,2.0,-4.0,-25.0,41.0,47.0,42.0,-131.0,-233.0,219.0,93.0,-51.0
-148.0,122.0,-67.0,-15.0,37.0,-36.0,-20.0,43.0,-36.0,29.0,35.0,-40.0,-21.0,-10.0,-1.0,7.0,54.0,41.0,-5.0,36.0,-23.0,89.0,23.0,44.0,-1.0,27.0,-52.0,-7.0,24.0,-28.0,-50.0,47.0,48.0,7.0,-12.0,20.0,35.0,6.0,-13.0,-1.0,21.0,29.0,-24.0,47.0,31.0,30.0,-27.0,-3.0,-40.0,6.0,-90.0,100.0,44.0,20.0,-26.0,-12.0,-55.0,-151.0,-296.0,-365.0,-372.0,-312.0,-273.0,-235.0,-159.0,-146.0,78.0,129.0,9.0,-12.0,112.0,-1.0,-67.0,-148.0,-90.0,90.0,-35.0,25.0,19.0,-37.0,19.0,-14.0,-39.0,-50.0,-5.0,-10.0,11.0,21.0,-16.0,19.0,40.0,-4.0,-6.0,-315.0,81.0,124.0,40.0,-72.0
-12.0,62.0,53.0,-97.0,39.0,-52.0,11.0,85.0,-49.0,-19.0,91.0,-48.0,0.0,-55.0,33.0,-11.0,4.0,98.0,27.0,39.0,-5.0,19.0,9.0,-38.0,7.0,-17.0,-36.0,1.0,16.0,4.0,0.0,28.0,-30.0,-25.0,47.0,19.0,14.0,38.0,15.0,5.0,11.0,20.0,-16.0,25.0,-2.0,69.0,37.0,74.0,80.0,51.0,-16.0,24.0,-24.0,-39.0,14.0,-49.0,-100.0,-246.0,81.0,318.0,301.0,247.0,15.0,253.0,-581.0,-102.0,-112.0,-139.0,128.0,56.0,-26.0,59.0,53.0,10.0,-57.0,122.0,-54.0,12.0,17.0,7.0,62.0,41.0,25.0,-43.0,10.0,17.0,15.0,43.0,0.0,-2.0,1.0,1.0,-160.0,-214.0,348.0,66.0,73.0,-44.0
30.0,42.0,31.0,-12.0,48.0,-25.0,-18.0,85.0,-23.0,-73.0,27.0,21.0,3.0,8.0,-48.0,114.0,-47.0,7.0,-19.0,27.0,-36.0,57.0,-28.0,-18.0,25.0,-2.0,-2.0,46.0,5.0,33.0,42.0,21.0,13.0,8.0,45.0,9.0,-14.0,45.0,9.0,1.0,-4.0,0.0,17.0,55.0,12.0,55.0,54.0,71.0,65.0,-6.0,-31.0,-24.0,-66.0,-11.0,-35.0,-119.0,-97.0,-69.0,321.0,286.0,215.0,295.0,-361.0,691.0,767.0,-357.0,13.0,-187.0,-35.0,109.0,94.0,-25.0,59.0,-17.0,0.0,48.0,-35.0,-49.0,42.0,39.0,-16.0,19.0,-9.0,10.0,-10.0,21.0,6.0,28.0,-4.0,-36.0,-18.0,-57.0,-272.0,92.0,213.0,-10.0,36.0,-41.0
-39.0,35.0,27.0,59.0,82.0,16.0,4.0,61.0,70.0,-33.0,70.0,4.0,42.0,-58.0,5.0,153.0,-2.0,-116.0,-46.0,-98.0,-145.0,-12.0,-28.0,14.0,0.0,4.0,16.0,26.0,-10.0,-30.0,-13.0,8.0,4.0,-29.0,-29.0,-30.0,-29.0,-2.0,-10.0,16.0,-5.0,-1.0,4.0,8.0,-1.0,-22.0,-74.0,-109.0,-54.0,-54.0,-26.0,-21.0,11.0,49.0,-92.0,-140.0,229.0,-47.0,26.0,-186.0,-240.0,-160.0,-264.0,-248.0,60.0,829.0,-121.0,-155.0,-271.0,120.0,-17.0,77.0,0.0,-5.0,9.0,80.0,130.0,-164.0,-54.0,64.0,-37.0,0.0,50.0,-4.0,-41.0,-19.0,-27.0,-2.0,-32.0,-37.0,31.0,-174.0,10.0,200.0,68.0,-35.0,20.0,-25.0
-42.0,-7.0,-35.0,-37.0,-39.0,15.0,-58.0,54.0,-70.0,22.0,51.0,73.0,49.0,-1.0,-32.0,119.0,82.0,-114.0,-47.0,-112.0,-69.0,-1.0,20.0,29.0,60.0,44.0,-6.0,-23.0,-25.0,5.0,0.0,-16.0,12.0,-33.0,-18.0,-39.0,-24.0,14.0,-10.0,30.0,20.0,17.0,73.0,-25.0,-42.0,-24.0,-72.0,-18.0,25.0,-15.0,39.0,0.0,-9.0,-50.0,-42.0,-15.0,154.0,63.0,-120.0,-71.0,-11.0,-58.0,-26.0,-140.0,-364.0,-200.0,785.0,-272.0,-73.0,-148.0,17.0,-46.0,27.0,3.0,2.0,-97.0,131.0,50.0,-82.0,5.0,-36.0,-53.0,58.0,62.0,19.0,-8.0,-21.0,-7.0,-23.0,13.0,-12.0,-287.0,161.0,163.0,-27.0,-39.0,5.0,-30.0
-25.0,4.0,-18.0,-19.0,-32.0,-19.0,-66.0,19.0,-48.0,-16.0,-19.0,-23.0,-57.0,51.0,-101.0,123.0,-102.0,-309.0,-103.0,6.0,82.0,66.0,48.0,46.0,24.0,4.0,-10.0,-5.0,14.0,15.0,7.0,-20.0,14.0,-4.0,16.0,31.0,17.0,24.0,7.0,10.0,8.0,-27.0,8.0,61.0,58.0,30.0,-77.0,79.0,-3.0,-62.0,-15.0,-1.0,27.0,-74.0,18.0,47.0,76.0,-134.0,-32.0,-12.0,48.0,8.0,-3.0,0.0,-24.0,-224.0,-307.0,776.0,-148.0,19.0,65.0,19.0,-43.0,70.0,50.0,8.0,-112.0,177.0,23.0,-66.0,-96.0,-28.0,-48.0,-38.0,-12.0,-18.0,-6.0,-13.0,19.0,23.0,-153.0,-142.0,331.0,-23.0,4.0,16.0,13.0,5.0
-9.0,22.0,-14.0,-6.0,5.0,0.0,-7.0,10.0,-19.0,0.0,-13.0,-20.0,-26.0,43.0,-53.0,173.0,-356.0,-101.0,105.0,122.0,89.0,52.0,31.0,-4.0,-62.0,-40.0,-1.0,9.0,6.0,20.0,42.0,-27.0,4.0,27.0,42.0,53.0,51.0,23.0,1.0,6.0,-12.0,-26.0,-19.0,-16.0,84.0,126.0,-71.0,-3.0,9.0,-37.0,-53.0,-34.0,8.0,-65.0,-2.0,85.0,-42.0,-51.0,-2.0,-22.0,32.0,7.0,-14.0,6.0,12.0,-3.0,-274.0,31.0,77.0,-108.0,-19.0,76.0,-156.0,53.0,46.0,12.0,-76.0,3.0,202.0,63.0,-165.0,-97.0,-39.0,-33.0,-34.0,-37.0,-34.0,24.0,22.0,-33.0,-278.0,80.0,240.0,-48.0,27.0,-43.0,43.0,-55.0
-2.0,15.0,4.0,-2.0,9.0,5.0,-5.0,3.0,0.0,5.0,-6.0,14.0,61.0,58.0,-259.0,243.0,-24.0,142.0,91.0,19.0,1.0,-15.0,6.0,-19.0,4.0,30.0,23.0,4.0,-6.0,4.0,45.0,-21.0,9.0,41.0,-2.0,19.0,-11.0,23.0,-32.0,-5.0,-15.0,-44.0,-76.0,-73.0,-90.0,48.0,36.0,-80.0,-45.0,-11.0,-6.0,-13.0,21.0,-22.0,-23.0,59.0,-43.0,-18.0,0.0,-18.0,19.0,25.0,-25.0,-15.0,-11.0,9.0,-28.0,-329.0,580.0,-319.0,-82.0,273.0,-126.0,-85.0,30.0,-37.0,-47.0,-16.0,23.0,199.0,65.0,-142.0,-83.0,-14.0,-4.0,11.0,3.0,9.0,16.0,-187.0,-16.0,200.0,97.0,-8.0,37.0,-22.0,-1.0,-12.0
14.0,-6.0,-7.0,31.0,7.0,-8.0,1.0,17.0,-1.0,1.0,-11.0,12.0,66.0,-24.0,-211.0,163.0,2.0,102.0,48.0,10.0,14.0,-2.0,1.0,16.0,22.0,39.0,48.0,25.0,20.0,23.0,64.0,-23.0,3.0,-4.0,-42.0,-43.0,-90.0,-65.0,4.0,-1.0,8.0,43.0,45.0,-37.0,-77.0,-64.0,17.0,32.0,-45.0,-75.0,-10.0,-12.0,6.0,9.0,-28.0,9.0,-42.0,-9.0,3.0,-12.0,11.0,38.0,-3.0,-11.0,9.0,-32.0,-7.0,-112.0,217.0,33.0,-327.0,402.0,80.0,-79.0,25.0,73.0,-76.0,41.0,-20.0,37.0,130.0,-7.0,-95.0,-52.0,26.0,40.0,42.0,4.0,-128.0,-257.0,154.0,116.0,45.0,-46.0,42.0,-46.0,13.0,42.0
-4.0,4.0,-3.0,-10.0,-5.0,-4.0,13.0,-9.0,0.0,-3.0,3.0,-6.0,65.0,-29.0,-33.0,101.0,-52.0,-105.0,-1.0,28.0,40.0,14.0,59.0,44.0,1.0,-32.0,-31.0,3.0,27.0,-1.0,-9.0,-39.0,-27.0,-9.0,-23.0,1.0,-14.0,-6.0,7.0,-5.0,-87.0,-15.0,48.0,37.0,-2.0,-49.0,6.0,34.0,48.0,-46.0,-34.0,5.0,28.0,9.0,-5.0,2.0,-21.0,-24.0,-8.0,-18.0,-2.0,26.0,10.0,-32.0,-15.0,7.0,-38.0,-29.0,-183.0,174.0,-191.0,-22.0,420.0,-138.0,-73.0,32.0,112.0,-86.0,17.0,27.0,46.0,96.0,-79.0,-76.0,60.0,29.0,-75.0,-193.0,-185.0,31.0,30.0,75.0,69.0,-69.0,54.0,-79.0,24.0,-14.0
14.0,1.0,14.0,-10.0,5.0,-12.0,-5.0,-11.0,1.0,-3.0,21.0,12.0,63.0,-38.0,30.0,-2.0,-12.0,-41.0,-14.0,-2.0,-45.0,-48.0,-18.0,-4.0,-33.0,-19.0,-39.0,-32.0,-31.0,-38.0,-15.0,-20.0,-34.0,-19.0,-10.0,11.0,-30.0,-5.0,31.0,62.0,-45.0,-71.0,25.0,75.0,47.0,26.0,-23.0,40.0,-4.0,0.0,-72.0,-3.0,9.0,5.0,-9.0,-4.0,-4.0,-12.0,7.0,-14.0,3.0,10.0,25.0,-30.0,-36.0,12.0,1.0,-8.0,-101.0,-38.0,15.0,-235.0,304.0,90.0,-152.0,-39.0,26.0,54.0,-7.0,-20.0,63.0,34.0,117.0,-178.0,-62.0,-184.0,-155.0,54.0,193.0,184.0,71.0,-39.0,112.0,-38.0,34.0,9.0,22.0,-32.0
-13.0,-8.0,-2.0,-8.0,7.0,-21.0,29.0,4.0,-6.0,-8.0,-16.0,42.0,58.0,-28.0,-20.0,-10.0,-6.0,-37.0,-1.0,-21.0,-51.0,-14.0,-6.0,-6.0,-18.0,-13.0,-8.0,-23.0,-4.0,-59.0,-46.0,-3.0,-17.0,18.0,13.0,23.0,-18.0,-45.0,-30.0,34.0,58.0,-23.0,-146.0,-65.0,10.0,23.0,-49.0,-18.0,51.0,56.0,-35.0,-41.0,-22.0,44.0,-1.0,-21.0,16.0,-26.0,-30.0,-13.0,-4.0,21.0,10.0,-22.0,-8.0,1.0,-9.0,-8.0,-31.0,-107.0,91.0,-202.0,115.0,80.0,88.0,-90.0,-103.0,40.0,28.0,-63.0,-26.0,73.0,70.0,-104.0,-151.0,-49.0,79.0,198.0,84.0,-28.0,68.0,35.0,-28.0,52.0,33.0,-59.0,55.0,-44.0
6.0,10.0,6.0,-20.0,5.0,-8.0,7.0,-3.0,-3.0,26.0,19.0,59.0,43.0,-46.0,-31.0,3.0,10.0,-29.0,-29.0,-36.0,-32.0,-6.0,2.0,-32.0,-42.0,-36.0,-16.0,-23.0,-8.0,18.0,36.0,13.0,23.0,44.0,64.0,22.0,12.0,-24.0,6.0,7.0,8.0,48.0,23.0,-25.0,-11.0,-2.0,9.0,-56.0,32.0,5.0,14.0,-39.0,-69.0,21.0,29.0,-14.0,7.0,-13.0,0.0,-31.0,-4.0,-2.0,-6.0,-16.0,-3.0,-2.0,5.0,-21.0,-2.0,-126.0,167.0,-208.0,134.0,21.0,23.0,62.0,-9.0,-194.0,178.0,-45.0,8.0,43.0,89.0,-202.0,17.0,41.0,117.0,38.0,-8.0,-30.0,-36.0,-52.0,-55.0,-25.0,4.0,-24.0,38.0,18.0
-4.0,-9.0,17.0,-21.0,13.0,-25.0,9.0,-19.0,4.0,12.0,67.0,56.0,-89.0,-50.0,-11.0,1.0,-29.0,-26.0,1.0,30.0,9.0,-59.0,-41.0,-1.0,-3.0,-19.0,9.0,-3.0,-20.0,-18.0,8.0,6.0,1.0,-33.0,-37.0,-26.0,0.0,23.0,8.0,-22.0,3.0,27.0,24.0,-7.0,43.0,17.0,39.0,-7.0,-50.0,-19.0,14.0,-1.0,-55.0,-55.0,0.0,27.0,-4.0,5.0,-2.0,-29.0,-22.0,5.0,-9.0,-16.0,-8.0,7.0,15.0,-17.0,-13.0,-119.0,128.0,-184.0,154.0,26.0,-31.0,110.0,52.0,-68.0,-29.0,30.0,0.0,0.0,112.0,-154.0,58.0,81.0,41.0,1.0,-18.0,-11.0,-29.0,4.0,-15.0,-29.0,1.0,-36.0,-41.0,8.0
19.0,-15.0,16.0,-16.0,17.0,-9.0,6.0,3.0,21.0,88.0,59.0,-116.0,-69.0,-5.0,18.0,8.0,-20.0,-5.0,17.0,21.0,63.0,52.0,-27.0,-36.0,-42.0,-11.0,14.0,24.0,-33.0,-12.0,-6.0,2.0,16.0,23.0,26.0,-65.0,-45.0,34.0,54.0,22.0,-32.0,30.0,7.0,-43.0,20.0,49.0,47.0,98.0,-33.0,-34.0,6.0,27.0,-5.0,-53.0,-42.0,-5.0,4.0,27.0,11.0,14.0,-14.0,-11.0,-11.0,16.0,24.0,-8.0,9.0,-28.0,-62.0,-52.0,64.0,-133.0,143.0,24.0,-62.0,-13.0,105.0,78.0,-77.0,37.0,-111.0,87.0,42.0,-194.0,24.0,38.0,15.0,8.0,6.0,0.0,6.0,11.0,7.0,10.0,11.0,-17.0,9.0,-14.0
-10.0,-5.0,17.0,-6.0,1.0,3.0,-9.0,34.0,125.0,33.0,-77.0,-25.0,19.0,22.0,30.0,3.0,11.0,24.0,23.0,9.0,-5.0,48.0,61.0,17.0,-31.0,-35.0,5.0,39.0,54.0,-16.0,-22.0,-51.0,-1.0,23.0,109.0,56.0,-28.0,18.0,26.0,86.0,32.0,17.0,18.0,-34.0,-40.0,-60.0,16.0,125.0,73.0,-32.0,6.0,-5.0,6.0,-5.0,-4.0,-20.0,-38.0,0.0,2.0,-2.0,-7.0,24.0,8.0,0.0,8.0,6.0,-25.0,-98.0,-38.0,32.0,-27.0,-91.0,95.0,52.0,-70.0,-57.0,-59.0,157.0,-25.0,94.0,-50.0,-79.0,70.0,-109.0,90.0,28.0,-2.0,15.0,0.0,5.0,14.0,-7.0,11.0,-2.0,9.0,8.0,-1.0,1.0
15.0,-4.0,-11.0,-5.0,-3.0,13.0,46.0,97.0,53.0,-98.0,-51.0,-27.0,44.0,27.0,-16.0,1.0,-15.0,10.0,-6.0,-4.0,-18.0,-11.0,6.0,36.0,-31.0,-3.0,16.0,6.0,-11.0,33.0,34.0,-49.0,-67.0,-76.0,-61.0,11.0,-23.0,-34.0,-45.0,-19.0,-21.0,17.0,21.0,11.0,-4.0,-38.0,-51.0,36.0,133.0,24.0,18.0,-77.0,-42.0,-34.0,-24.0,14.0,-8.0,-27.0,-47.0,-28.0,10.0,8.0,-7.0,2.0,-25.0,-6.0,-36.0,-24.0,49.0,7.0,-59.0,-45.0,88.0,80.0,-97.0,-10.0,-67.0,-13.0,-80.0,10.0,37.0,-186.0,73.0,2.0,86.0,11.0,-11.0,-6.0,14.0,-1.0,8.0,-5.0,-3.0,-5.0,5.0,-7.0,-3.0,11.0
-12.0,7.0,-12.0,-23.0,18.0,50.0,92.0,-28.0,-82.0,-66.0,-3.0,26.0,24.0,-15.0,-41.0,15.0,34.0,20.0,-9.0,19.0,33.0,85.0,7.0,-1.0,5.0,-16.0,-7.0,4.0,-44.0,12.0,37.0,24.0,7.0,11.0,-11.0,-28.0,31.0,-39.0,12.0,-9.0,-21.0,-29.0,-7.0,-10.0,33.0,58.0,-38.0,-83.0,16.0,85.0,83.0,59.0,-12.0,-113.0,-63.0,-22.0,-17.0,9.0,14.0,-19.0,-45.0,-34.0,-24.0,-4.0,-12.0,-19.0,-14.0,-19.0,19.0,-53.0,4.0,32.0,78.0,51.0,30.0,-69.0,30.0,67.0,-41.0,3.0,5.0,-47.0,-7.0,35.0,28.0,11.0,-5.0,-5.0,7.0,-7.0,0.0,4.0,14.0,-5.0,-3.0,3.0,7.0,8.0
-2.0,1.0,14.0,42.0,43.0,53.0,48.0,-61.0,-16.0,-15.0,27.0,41.0,-2.0,10.0,55.0,105.0,64.0,11.0,-34.0,-28.0,28.0,85.0,51.0,18.0,12.0,-9.0,0.0,-3.0,2.0,24.0,65.0,61.0,16.0,-46.0,-18.0,-27.0,-12.0,-10.0,53.0,1.0,-3.0,-21.0,-11.0,-3.0,-22.0,28.0,87.0,-9.0,-98.0,-3.0,65.0,80.0,117.0,-8.0,-104.0,-108.0,-115.0,-80.0,-14.0,-35.0,-19.0,-70.0,-75.0,-51.0,-61.0,-37.0,-20.0,-9.0,-30.0,18.0,114.0,41.0,68.0,17.0,18.0,10.0,-65.0,83.0,36.0,62.0,14.0,-38.0,-16.0,46.0,1.0,8.0,-20.0,12.0,-9.0,-2.0,1.0,-5.0,3.0,-7.0,4.0,-5.0,-6.0,-2.0
-7.0,14.0,-16.0,46.0,44.0,37.0,-67.0,-60.0,25.0,42.0,12.0,3.0,-32.0,-2.0,49.0,74.0,-57.0,-106.0,-48.0,-40.0,-16.0,28.0,22.0,-9.0,24.0,2.0,2.0,-11.0,-13.0,13.0,-10.0,35.0,101.0,43.0,19.0,-28.0,-20.0,-44.0,-8.0,40.0,10.0,27.0,7.0,32.0,9.0,-34.0,49.0,77.0,-2.0,-6.0,-5.0,52.0,68.0,107.0,80.0,75.0,18.0,-107.0,-163.0,-90.0,-61.0,-41.0,-21.0,13.0,-10.0,6.0,60.0,79.0,-32.0,36.0,37.0,-4.0,37.0,25.0,19.0,61.0,-68.0,-62.0,29.0,108.0,38.0,-177.0,-154.0,117.0,14.0,16.0,-4.0,10.0,-8.0,1.0,2.0,5.0,-6.0,0.0,10.0,-1.0,-3.0,7.0
-7.0,12.0,11.0,65.0,39.0,-44.0,-33.0,-41.0,-77.0,-67.0,-25.0,-60.0,-54.0,24.0,26.0,-28.0,-110.0,-69.0,1.0,-32.0,8.0,-30.0,-40.0,-30.0,-9.0,-6.0,15.0,14.0,-13.0,-7.0,-22.0,-90.0,25.0,42.0,46.0,-36.0,-8.0,31.0,-72.0,-112.0,-20.0,-13.0,-20.0,-1.0,8.0,19.0,-77.0,2.0,70.0,27.0,21.0,-34.0,71.0,91.0,65.0,133.0,237.0,201.0,98.0,89.0,54.0,-39.0,-152.0,-65.0,-43.0,-16.0,-26.0,-20.0,-164.0,-34.0,-31.0,-33.0,-38.0,19.0,-21.0,54.0,49.0,-172.0,23.0,11.0,145.0,-62.0,-137.0,66.0,13.0,-11.0,8.0,12.0,-5.0,-6.0,6.0,7.0,2.0,-2.0,9.0,12.0,-22.0,-5.0
-11.0,27.0,-20.0,96.0,-19.0,-48.0,-18.0,-6.0,-13.0,-19.0,-16.0,9.0,29.0,68.0,-9.0,-89.0,-56.0,-39.0,11.0,3.0,39.0,31.0,2.0,-19.0,0.0,4.0,9.0,28.0,-31.0,-1.0,-23.0,-109.0,31.0,41.0,67.0,74.0,-4.0,4.0,122.0,50.0,-67.0,-24.0,-51.0,-40.0,-17.0,11.0,7.0,-102.0,-28.0,41.0,-37.0,-20.0,-25.0,-26.0,29.0,-13.0,-5.0,104.0,118.0,103.0,208.0,207.0,132.0,28.0,-78.0,-76.0,6.0,24.0,-23.0,-39.0,52.0,74.0,-11.0,22.0,-11.0,29.0,83.0,-179.0,-104.0,118.0,51.0,57.0,59.0,-5.0,15.0,12.0,-27.0,-5.0,5.0,-12.0,3.0,-6.0,6.0,11.0,4.0,-1.0,-9.0,1.0
14.0,-9.0,13.0,126.0,-104.0,-44.0,-50.0,-18.0,-11.0,-7.0,-22.0,-23.0,23.0,-27.0,-67.0,-54.0,-28.0,-1.0,11.0,-21.0,18.0,13.0,33.0,-9.0,-41.0,-4.0,5.0,-8.0,-11.0,-25.0,-39.0,-81.0,24.0,65.0,-14.0,24.0,66.0,-13.0,-7.0,108.0,20.0,-3.0,11.0,-65.0,-16.0,-50.0,98.0,-39.0,-11.0,29.0,-74.0,-16.0,38.0,-35.0,-145.0,7.0,-92.0,-164.0,-74.0,-91.0,-65.0,80.0,129.0,212.0,228.0,135.0,66.0,38.0,-20.0,16.0,76.0,49.0,-1.0,25.0,-84.0,-43.0,75.0,-9.0,-213.0,22.0,29.0,-42.0,24.0,-9.0,-4.0,21.0,-8.0,12.0,-8.0,-9.0,-7.0,-15.0,-3.0,-6.0,-12.0,6.0,-16.0,-2.0
-2.0,6.0,72.0,65.0,-96.0,-51.0,-34.0,-37.0,-23.0,12.0,-6.0,-13.0,-15.0,-29.0,-44.0,-12.0,37.0,38.0,34.0,-26.0,-36.0,-5.0,30.0,2.0,-18.0,-21.0,-16.0,-2.0,13.0,11.0,9.0,11.0,65.0,75.0,-3.0,-47.0,40.0,88.0,26.0,15.0,62.0,10.0,28.0,11.0,-53.0,-14.0,11.0,41.0,-17.0,19.0,-71.0,-41.0,5.0,63.0,-26.0,-148.0,59.0,71.0,31.0,-9.0,-44.0,-114.0,-73.0,-94.0,73.0,209.0,153.0,168.0,60.0,-38.0,-22.0,-12.0,-43.0,62.0,-15.0,-22.0,0.0,55.0,-8.0,34.0,27.0,51.0,-16.0,-52.0,25.0,3.0,-13.0,-22.0,14.0,0.0,5.0,-1.0,11.0,0.0,-8.0,6.0,-3.0,0.0
14.0,-3.0,131.0,-10.0,-83.0,7.0,-23.0,-88.0,9.0,-10.0,-20.0,-23.0,-15.0,-33.0,-22.0,27.0,23.0,43.0,26.0,28.0,25.0,1.0,1.0,-10.0,-10.0,-10.0,-11.0,36.0,-40.0,14.0,26.0,45.0,35.0,68.0,15.0,-28.0,-109.0,-13.0,69.0,35.0,48.0,39.0,1.0,108.0,11.0,-35.0,47.0,42.0,13.0,25.0,44.0,-71.0,-52.0,33.0,120.0,-7.0,-159.0,-68.0,-14.0,-27.0,-11.0,-17.0,42.0,-87.0,-178.0,-102.0,-88.0,-52.0,69.0,85.0,-1.0,-4.0,-91.0,-81.0,2.0,16.0,32.0,2.0,-43.0,-28.0,-41.0,7.0,78.0,-62.0,27.0,11.0,7.0,20.0,11.0,-6.0,-9.0,-14.0,9.0,8.0,-8.0,12.0,-1.0,0.0
3.0,-26.0,159.0,-30.0,-85.0,57.0,91.0,-60.0,31.0,8.0,3.0,10.0,10.0,41.0,66.0,64.0,-5.0,-39.0,-40.0,-22.0,-31.0,3.0,5.0,5.0,-5.0,0.0,-14.0,11.0,18.0,13.0,36.0,74.0,13.0,-7.0,-18.0,-30.0,-49.0,-149.0,9.0,18.0,-32.0,62.0,-6.0,15.0,96.0,-81.0,-97.0,108.0,18.0,12.0,119.0,116.0,-61.0,-118.0,-2.0,102.0,107.0,43.0,-4.0,-14.0,-46.0,-96.0,29.0,25.0,-41.0,-72.0,-72.0,-157.0,-170.0,-55.0,1.0,50.0,73.0,9.0,-59.0,-114.0,63.0,59.0,26.0,24.0,-60.0,-94.0,24.0,5.0,19.0,-6.0,2.0,-11.0,-5.0,1.0,4.0,-6.0,8.0,-1.0,-9.0,3.0,1.0,23.0
8.0,-13.0,189.0,-40.0,-167.0,-5.0,83.0,-45.0,4.0,10.0,16.0,17.0,13.0,14.0,-16.0,-15.0,-5.0,9.0,22.0,-38.0,-2.0,-10.0,3.0,10.0,-4.0,-1.0,21.0,4.0,-16.0,-44.0,-29.0,21.0,64.0,-2.0,18.0,22.0,2.0,-69.0,-15.0,56.0,22.0,-45.0,-19.0,-49.0,49.0,57.0,-172.0,-96.0,29.0,-27.0,-47.0,98.0,106.0,-34.0,-71.0,-6.0,-9.0,38.0,94.0,54.0,54.0,-20.0,-75.0,-33.0,51.0,80.0,84.0,107.0,2.0,-143.0,-77.0,-64.0,69.0,63.0,152.0,22.0,-61.0,45.0,-44.0,87.0,38.0,-84.0,-78.0,47.0,15.0,-2.0,-8.0,34.0,-6.0,23.0,4.0,4.0,1.0,11.0,-4.0,9.0,-2.0,-17.0
-3.0,-11.0,182.0,-38.0,-164.0,-30.0,-29.0,-42.0,-8.0,0.0,-17.0,-10.0,7.0,-9.0,-24.0,-10.0,-24.0,-13.0,6.0,18.0,22.0,-8.0,-6.0,-12.0,-7.0,-6.0,3.0,6.0,-16.0,-30.0,-77.0,-28.0,-48.0,27.0,23.0,4.0,10.0,-10.0,-25.0,2.0,87.0,-7.0,-10.0,-47.0,-41.0,94.0,85.0,-96.0,-122.0,76.0,15.0,-92.0,66.0,121.0,17.0,-35.0,44.0,-75.0,-37.0,66.0,54.0,14.0,20.0,-49.0,-143.0,-43.0,83.0,83.0,111.0,190.0,33.0,-36.0,-51.0,-32.0,25.0,137.0,8.0,8.0,21.0,-265.0,281.0,64.0,-59.0,2.0,15.0,-8.0,5.0,-4.0,-16.0,4.0,-8.0,-6.0,8.0,8.0,-10.0,-6.0,-3.0,9.0
4.0,0.0,172.0,-31.0,-99.0,-26.0,-15.0,-24.0,-18.0,-4.0,-8.0,1.0,11.0,14.0,15.0,3.0,0.0,-1.0,4.0,-14.0,-13.0,13.0,-8.0,-11.0,-18.0,-12.0,10.0,-1.0,6.0,-27.0,-44.0,22.0,11.0,-64.0,62.0,32.0,63.0,-2.0,-23.0,13.0,28.0,30.0,10.0,13.0,14.0,-9.0,85.0,85.0,-122.0,-96.0,116.0,-16.0,-151.0,48.0,57.0,22.0,43.0,54.0,-52.0,-19.0,86.0,83.0,43.0,17.0,59.0,-138.0,-171.0,-40.0,-32.0,10.0,134.0,71.0,-4.0,-30.0,-46.0,-45.0,33.0,-27.0,93.0,-305.0,56.0,164.0,17.0,-6.0,4.0,-10.0,8.0,-5.0,-12.0,6.0,3.0,-7.0,-13.0,2.0,-9.0,6.0,6.0,-17.0
-46.0,1.0,145.0,-29.0,-29.0,12.0,-17.0,-7.0,-2.0,0.0,1.0,-3.0,3.0,9.0,-10.0,22.0,-7.0,-9.0,-9.0,-7.0,2.0,-14.0,22.0,-4.0,-6.0,-1.0,-1.0,8.0,2.0,2.0,-29.0,-43.0,44.0,41.0,-1.0,74.0,67.0,22.0,-6.0,-30.0,-17.0,1.0,-17.0,8.0,32.0,-11.0,5.0,73.0,83.0,-105.0,-36.0,116.0,20.0,-89.0,-40.0,-4.0,29.0,61.0,-38.0,-36.0,-54.0,98.0,135.0,-17.0,50.0,137.0,37.0,-17.0,-57.0,-169.0,-99.0,87.0,-3.0,-26.0,-16.0,-23.0,-14.0,12.0,88.0,-125.0,-171.0,61.0,108.0,18.0,11.0,7.0,4.0,3.0,-21.0,8.0,-4.0,-12.0,8.0,12.0,-13.0,19.0,-21.0,12.0
-29.0,21.0,121.0,-57.0,-108.0,8.0,-4.0,17.0,14.0,-10.0,9.0,-4.0,-24.0,-7.0,-37.0,-25.0,-23.0,-34.0,0.0,-15.0,-21.0,-10.0,10.0,4.0,-16.0,13.0,-2.0,-11.0,-6.0,2.0,-7.0,-61.0,-51.0,-46.0,-26.0,-69.0,-9.0,-11.0,7.0,-1.0,-39.0,-6.0,43.0,-27.0,8.0,-3.0,-23.0,-24.0,110.0,70.0,-103.0,-68.0,53.0,51.0,-2.0,-95.0,-28.0,32.0,-2.0,-21.0,-116.0,-107.0,30.0,60.0,-3.0,-26.0,46.0,147.0,138.0,-17.0,-244.0,-61.0,62.0,67.0,-58.0,-56.0,14.0,26.0,-53.0,-30.0,-101.0,-73.0,56.0,12.0,2.0,25.0,0.0,5.0,-14.0,0.0,-8.0,3.0,-12.0,10.0,5.0,10.0,5.0,-15.0
-11.0,2.0,97.0,86.0,-115.0,-33.0,-56.0,-24.0,-32.0,-17.0,-11.0,-7.0,7.0,13.0,-10.0,6.0,-3.0,1.0,0.0,4.0,-8.0,-8.0,16.0,-15.0,-31.0,-21.0,11.0,8.0,14.0,14.0,52.0,-5.0,-38.0,-21.0,-31.0,-35.0,-11.0,31.0,-32.0,-19.0,-14.0,-10.0,63.0,-21.0,-17.0,-30.0,22.0,-41.0,-24.0,118.0,35.0,-52.0,10.0,-20.0,79.0,82.0,27.0,4.0,54.0,60.0,50.0,-92.0,-111.0,-20.0,48.0,-47.0,-89.0,-89.0,76.0,230.0,31.0,-133.0,-53.0,111.0,110.0,-103.0,-54.0,26.0,168.0,-126.0,-63.0,-49.0,10.0,52.0,-68.0,23.0,-12.0,6.0,12.0,19.0,-7.0,-3.0,0.0,-11.0,-3.0,0.0,-3.0,0.0
0.0,13.0,30.0,149.0,-80.0,3.0,-70.0,-36.0,-12.0,-9.0,-23.0,-20.0,-32.0,-27.0,-38.0,-27.0,-24.0,-27.0,-19.0,-6.0,6.0,-11.0,0.0,-3.0,11.0,-16.0,-11.0,-18.0,-32.0,-17.0,8.0,18.0,-10.0,-30.0,-4.0,43.0,65.0,47.0,-58.0,-38.0,8.0,10.0,5.0,17.0,2.0,-38.0,8.0,8.0,-79.0,-70.0,68.0,28.0,-36.0,7.0,-59.0,-18.0,34.0,46.0,-44.0,42.0,35.0,116.0,-41.0,-116.0,46.0,99.0,-70.0,-23.0,-138.0,-7.0,205.0,39.0,-25.0,-46.0,91.0,78.0,-49.0,-41.0,154.0,-56.0,-102.0,28.0,-32.0,64.0,-43.0,24.0,6.0,2.0,-4.0,14.0,-20.0,20.0,3.0,4.0,7.0,-5.0,-5.0,5.0
-1.0,23.0,5.0,156.0,-46.0,-25.0,-93.0,-33.0,-15.0,-14.0,-8.0,-2.0,6.0,-8.0,-1.0,9.0,4.0,-3.0,-7.0,2.0,-4.0,-2.0,-7.0,15.0,-2.0,-6.0,-9.0,-7.0,-8.0,-27.0,-40.0,-11.0,-13.0,0.0,-12.0,8.0,52.0,-22.0,-53.0,-45.0,-20.0,32.0,4.0,-21.0,-18.0,-7.0,40.0,13.0,-47.0,-88.0,-139.0,37.0,-51.0,-40.0,14.0,-43.0,-118.0,-72.0,-13.0,-19.0,-19.0,-54.0,161.0,-46.0,-103.0,61.0,34.0,-49.0,54.0,-111.0,-69.0,40.0,8.0,24.0,-1.0,75.0,19.0,-56.0,74.0,-51.0,-111.0,37.0,26.0,60.0,-4.0,14.0,-1.0,6.0,4.0,21.0,-26.0,9.0,-1.0,12.0,-1.0,3.0,-19.0,12.0
2.0,11.0,-20.0,125.0,75.0,-100.0,-57.0,-21.0,-2.0,-20.0,9.0,14.0,6.0,42.0,50.0,45.0,39.0,25.0,6.0,22.0,-9.0,8.0,-5.0,-15.0,-7.0,2.0,1.0,-7.0,0.0,11.0,-15.0,-32.0,-31.0,-11.0,-9.0,-4.0,-53.0,0.0,30.0,-14.0,-33.0,8.0,-10.0,-22.0,0.0,-21.0,56.0,56.0,59.0,-1.0,-18.0,-101.0,-13.0,-52.0,-28.0,56.0,114.0,-1.0,-44.0,-20.0,-53.0,-114.0,-77.0,96.0,-20.0,-22.0,41.0,-14.0,-46.0,60.0,-32.0,-32.0,-58.0,-69.0,0.0,63.0,67.0,-68.0,66.0,-66.0,-86.0,18.0,34.0,60.0,-4.0,10.0,-3.0,-6.0,3.0,-9.0,-7.0,18.0,11.0,5.0,-4.0,-5.0,14.0,8.0
0.0,20.0,-29.0,81.0,118.0,-130.0,-79.0,-43.0,-33.0,2.0,18.0,-14.0,8.0,7.0,3.0,6.0,8.0,-6.0,-14.0,7.0,-27.0,-30.0,-10.0,28.0,15.0,-7.0,15.0,3.0,4.0,25.0,29.0,-12.0,-53.0,-8.0,-7.0,232.0,-119.0,-94.0,0.0,43.0,13.0,15.0,21.0,-3.0,-15.0,17.0,12.0,37.0,79.0,75.0,32.0,55.0,57.0,-23.0,-57.0,-42.0,8.0,129.0,96.0,96.0,125.0,40.0,-71.0,-50.0,149.0,-29.0,29.0,65.0,24.0,-118.0,41.0,63.0,-33.0,-62.0,-99.0,34.0,97.0,-61.0,121.0,-107.0,-72.0,27.0,25.0,53.0,7.0,0.0,-11.0,-15.0,14.0,-19.0,-13.0,-3.0,-13.0,-11.0,-6.0,7.0,-3.0,-4.0
2.0,8.0,-21.0,21.0,145.0,-38.0,-140.0,-23.0,5.0,16.0,34.0,-23.0,4.0,26.0,-25.0,-7.0,-13.0,-7.0,-9.0,-3.0,-16.0,-37.0,0.0,6.0,11.0,-27.0,-17.0,-9.0,9.0,-2.0,23.0,12.0,-10.0,-33.0,-68.0,239.0,36.0,-146.0,-50.0,-46.0,-18.0,29.0,31.0,-8.0,-29.0,-36.0,-11.0,28.0,-21.0,136.0,21.0,13.0,53.0,77.0,11.0,11.0,-71.0,-103.0,45.0,69.0,67.0,156.0,122.0,-22.0,-86.0,127.0,-176.0,18.0,66.0,91.0,-29.0,49.0,24.0,-18.0,-52.0,-46.0,146.0,-53.0,103.0,-66.0,-161.0,47.0,-29.0,44.0,10.0,1.0,4.0,7.0,10.0,6.0,16.0,-8.0,-15.0,12.0,-14.0,-1.0,-11.0,1.0
-2.0,9.0,-27.0,15.0,89.0,92.0,-79.0,-2.0,75.0,32.0,7.0,-13.0,-7.0,4.0,6.0,15.0,13.0,8.0,-10.0,-11.0,7.0,19.0,31.0,15.0,10.0,13.0,-9.0,-2.0,11.0,-3.0,5.0,10.0,-28.0,-49.0,-57.0,-3.0,323.0,-148.0,-54.0,-24.0,-32.0,-39.0,1.0,0.0,-13.0,-6.0,-39.0,2.0,-25.0,-11.0,22.0,14.0,3.0,78.0,41.0,9.0,31.0,-78.0,-97.0,-58.0,19.0,-40.0,37.0,104.0,-22.0,16.0,60.0,-169.0,-107.0,5.0,40.0,-25.0,141.0,-131.0,-3.0,-34.0,140.0,36.0,50.0,-100.0,-129.0,13.0,-47.0,91.0,-8.0,3.0,6.0,22.0,14.0,-12.0,5.0,0.0,9.0,-2.0,-8.0,20.0,5.0,9.0
-2.0,21.0,-15.0,22.0,47.0,126.0,-60.0,-59.0,22.0,55.0,31.0,9.0,-7.0,-27.0,-23.0,11.0,3.0,17.0,18.0,1.0,10.0,10.0,15.0,14.0,2.0,11.0,-6.0,-12.0,-22.0,-20.0,16.0,-15.0,-7.0,-33.0,-71.0,-76.0,257.0,78.0,-84.0,-23.0,-36.0,-36.0,-37.0,-38.0,-11.0,-23.0,-13.0,-2.0,-16.0,-40.0,-26.0,-10.0,-25.0,10.0,52.0,16.0,83.0,-57.0,23.0,-33.0,-40.0,39.0,-61.0,11.0,21.0,9.0,50.0,87.0,33.0,-247.0,60.0,-56.0,95.0,-4.0,-110.0,-103.0,99.0,63.0,153.0,-180.0,-57.0,-12.0,-20.0,82.0,-15.0,10.0,-16.0,-23.0,-2.0,-3.0,10.0,-9.0,-10.0,23.0,-3.0,-13.0,-18.0,-18.0
-12.0,-24.0,8.0,3.0,6.0,162.0,-71.0,-53.0,-30.0,63.0,29.0,-10.0,-9.0,-5.0,-14.0,24.0,-10.0,-24.0,12.0,2.0,-6.0,-8.0,10.0,6.0,-15.0,3.0,6.0,-3.0,7.0,-3.0,24.0,15.0,14.0,-11.0,-54.0,-48.0,-80.0,277.0,-111.0,-6.0,23.0,1.0,-26.0,-18.0,-30.0,-26.0,-27.0,-14.0,-24.0,-15.0,-16.0,-20.0,1.0,18.0,10.0,35.0,43.0,17.0,-88.0,71.0,-8.0,-19.0,74.0,-25.0,-9.0,68.0,-31.0,7.0,113.0,14.0,-96.0,56.0,62.0,53.0,-59.0,-151.0,19.0,74.0,212.0,-113.0,-38.0,-31.0,8.0,66.0,34.0,6.0,-1.0,-3.0,7.0,-16.0,3.0,3.0,-7.0,-3.0,-3.0,21.0,-1.0,15.0
-3.0,8.0,8.0,-23.0,-14.0,171.0,-87.0,-57.0,-99.0,63.0,2.0,-23.0,-3.0,7.0,-5.0,16.0,14.0,11.0,10.0,12.0,-3.0,-24.0,-13.0,-20.0,-18.0,-10.0,18.0,1.0,-2.0,-5.0,6.0,13.0,15.0,9.0,-15.0,-13.0,-102.0,121.0,79.0,-111.0,8.0,16.0,6.0,2.0,-8.0,-19.0,-22.0,-22.0,-12.0,-29.0,-12.0,-10.0,-22.0,-15.0,-9.0,2.0,19.0,26.0,-11.0,-94.0,-29.0,-70.0,-20.0,62.0,-27.0,39.0,50.0,-111.0,125.0,70.0,-114.0,-27.0,68.0,127.0,-27.0,-12.0,-146.0,61.0,62.0,44.0,-146.0,8.0,36.0,-16.0,56.0,-5.0,-3.0,1.0,-14.0,3.0,11.0,-16.0,3.0,-1.0,-10.0,9.0,14.0,-9.0
1.0,-5.0,3.0,9.0,-7.0,185.0,-86.0,-91.0,-109.0,33.0,-79.0,-36.0,-3.0,-5.0,-15.0,7.0,-13.0,10.0,4.0,16.0,34.0,0.0,10.0,-9.0,-23.0,-30.0,-21.0,-35.0,-2.0,-20.0,-31.0,-11.0,-13.0,-16.0,-39.0,-15.0,-43.0,-128.0,336.0,-129.0,7.0,-30.0,2.0,13.0,12.0,4.0,-22.0,-45.0,-26.0,1.0,-14.0,-32.0,-35.0,-18.0,-27.0,-36.0,-11.0,12.0,23.0,-8.0,0.0,-27.0,-47.0,-36.0,20.0,4.0,11.0,-27.0,-13.0,66.0,44.0,-35.0,-40.0,138.0,-59.0,15.0,-105.0,50.0,22.0,68.0,-146.0,15.0,61.0,-39.0,40.0,-18.0,7.0,9.0,3.0,6.0,3.0,13.0,-6.0,0.0,12.0,-11.0,7.0,-10.0
-19.0,10.0,-15.0,9.0,-68.0,156.0,-6.0,-173.0,-71.0,226.0,-74.0,-93.0,-16.0,10.0,-10.0,-23.0,-19.0,23.0,-7.0,-20.0,-16.0,-32.0,6.0,2.0,-9.0,-14.0,-5.0,-46.0,-21.0,-26.0,-7.0,36.0,29.0,2.0,2.0,-15.0,2.0,-109.0,154.0,64.0,-48.0,-15.0,-15.0,-11.0,-9.0,1.0,7.0,-19.0,8.0,-6.0,-25.0,-25.0,-41.0,-55.0,-5.0,-8.0,-8.0,-5.0,-24.0,-33.0,-20.0,6.0,-10.0,-15.0,-21.0,18.0,-19.0,14.0,-47.0,10.0,20.0,26.0,-85.0,6.0,164.0,-147.0,-21.0,42.0,-6.0,68.0,-119.0,-56.0,27.0,22.0,37.0,-11.0,3.0,13.0,-2.0,-7.0,-11.0,16.0,-14.0,3.0,10.0,-1.0,-9.0,-9.0
7.0,-17.0,-7.0,46.0,-51.0,159.0,53.0,-259.0,-75.0,309.0,3.0,-67.0,-44.0,19.0,-5.0,-30.0,-7.0,4.0,-11.0,1.0,9.0,31.0,-3.0,12.0,20.0,24.0,24.0,-24.0,-23.0,9.0,15.0,21.0,23.0,18.0,9.0,40.0,19.0,-26.0,-128.0,125.0,-15.0,-35.0,4.0,-2.0,5.0,6.0,29.0,27.0,14.0,-29.0,-34.0,17.0,33.0,-9.0,-23.0,-10.0,-19.0,0.0,10.0,31.0,1.0,3.0,-23.0,-31.0,0.0,2.0,-10.0,6.0,50.0,14.0,-3.0,29.0,-71.0,-54.0,156.0,-120.0,-15.0,26.0,-24.0,37.0,-7.0,22.0,-72.0,77.0,30.0,0.0,-10.0,-7.0,-5.0,-2.0,-5.0,3.0,-1.0,0.0,-1.0,-11.0,7.0,1.0
20.0,-19.0,10.0,20.0,-54.0,115.0,152.0,-363.0,-61.0,336.0,-6.0,-56.0,-121.0,28.0,22.0,12.0,9.0,12.0,22.0,30.0,5.0,9.0,25.0,-9.0,3.0,9.0,18.0,54.0,21.0,23.0,12.0,24.0,-9.0,22.0,-9.0,31.0,-2.0,43.0,-15.0,-26.0,62.0,3.0,-30.0,-22.0,-8.0,-3.0,-7.0,0.0,2.0,20.0,33.0,16.0,2.0,8.0,6.0,-1.0,2.0,-31.0,2.0,13.0,20.0,3.0,21.0,-34.0,-10.0,-1.0,42.0,7.0,-37.0,5.0,-9.0,-29.0,-31.0,-76.0,68.0,-14.0,-39.0,7.0,-4.0,-9.0,43.0,-22.0,-29.0,-39.0,49.0,-1.0,-9.0,-5.0,4.0,-2.0,-1.0,8.0,-5.0,5.0,-5.0,-7.0,12.0,-9.0
-10.0,-8.0,24.0,-3.0,-14.0,30.0,239.0,-393.0,-86.0,294.0,30.0,-10.0,-139.0,-36.0,11.0,-6.0,13.0,6.0,-9.0,23.0,-4.0,6.0,19.0,4.0,18.0,-3.0,12.0,15.0,15.0,-2.0,-10.0,4.0,-7.0,11.0,11.0,16.0,-21.0,11.0,-9.0,7.0,20.0,19.0,27.0,5.0,-4.0,2.0,-4.0,-15.0,-1.0,5.0,3.0,-3.0,-7.0,3.0,-1.0,9.0,1.0,-8.0,-19.0,-26.0,-11.0,-17.0,16.0,-26.0,5.0,-26.0,-23.0,43.0,-18.0,-36.0,-20.0,-46.0,3.0,-51.0,42.0,18.0,-52.0,-60.0,38.0,26.0,35.0,99.0,14.0,-77.0,70.0,10.0,-9.0,11.0,11.0,-4.0,-12.0,-2.0,-13.0,11.0,-1.0,8.0,9.0,-19.0
-1.0,-1.0,5.0,-9.0,-13.0,-30.0,308.0,-333.0,-99.0,196.0,69.0,11.0,-71.0,-71.0,-8.0,-21.0,10.0,22.0,-13.0,-1.0,-18.0,-28.0,8.0,-11.0,17.0,9.0,-10.0,-26.0,-7.0,9.0,-5.0,8.0,-7.0,-20.0,9.0,5.0,12.0,0.0,-4.0,-13.0,-2.0,-7.0,-2.0,10.0,31.0,-13.0,-6.0,21.0,4.0,-10.0,-8.0,9.0,2.0,-8.0,-12.0,18.0,16.0,-10.0,-26.0,-12.0,-15.0,6.0,-4.0,-18.0,15.0,-36.0,-40.0,13.0,-8.0,-25.0,-18.0,-11.0,-30.0,-66.0,47.0,10.0,-49.0,-43.0,10.0,16.0,-59.0,5.0,26.0,-16.0,45.0,11.0,-14.0,6.0,17.0,-6.0,12.0,29.0,-9.0,5.0,-16.0,4.0,-4.0,-3.0
8.0,-16.0,2.0,-4.0,9.0,-41.0,208.0,-180.0,-134.0,129.0,33.0,85.0,-45.0,-78.0,-43.0,-38.0,-35.0,25.0,17.0,9.0,-9.0,24.0,22.0,-1.0,-22.0,-16.0,9.0,9.0,-8.0,-3.0,8.0,-8.0,6.0,-11.0,3.0,5.0,15.0,2.0,2.0,-8.0,16.0,-6.0,19.0,13.0,16.0,2.0,3.0,2.0,-2.0,-5.0,-12.0,5.0,-21.0,-30.0,-19.0,-11.0,3.0,34.0,10.0,-18.0,-11.0,-3.0,5.0,2.0,-17.0,12.0,-16.0,15.0,-7.0,18.0,-5.0,-7.0,11.0,-37.0,-3.0,-7.0,-84.0,-85.0,33.0,-72.0,171.0,-138.0,-23.0,32.0,7.0,-7.0,-13.0,1.0,-14.0,-19.0,-4.0,-5.0,-4.0,9.0,-2.0,-3.0,-3.0,-3.0
6.0,-4.0,-7.0,-5.0,8.0,-18.0,76.0,12.0,-1.0,49.0,-11.0,91.0,51.0,-7.0,-122.0,-38.0,-37.0,12.0,16.0,-21.0,-19.0,3.0,10.0,15.0,-11.0,-21.0,2.0,0.0,11.0,-17.0,-5.0,17.0,3.0,8.0,-1.0,5.0,-11.0,2.0,10.0,14.0,2.0,-8.0,-7.0,-2.0,-5.0,8.0,7.0,11.0,2.0,-11.0,26.0,18.0,-2.0,-7.0,-24.0,-8.0,11.0,25.0,-13.0,7.0,-14.0,-16.0,-30.0,-4.0,-17.0,-3.0,11.0,-6.0,-1.0,3.0,15.0,-24.0,30.0,26.0,-1.0,-27.0,-74.0,-73.0,73.0,-66.0,94.0,99.0,-126.0,58.0,-14.0,20.0,5.0,9.0,-12.0,9.0,-11.0,-4.0,-2.0,-18.0,8.0,4.0,4.0,-2.0
37.0,-20.0,8.0,4.0,-9.0,-5.0,24.0,-35.0,26.0,9.0,-20.0,42.0,49.0,144.0,-68.0,-133.0,-9.0,11.0,24.0,15.0,-17.0,-25.0,-2.0,-10.0,2.0,-31.0,-5.0,3.0,-10.0,15.0,-1.0,1.0,-5.0,25.0,-5.0,-7.0,8.0,15.0,5.0,13.0,16.0,-1.0,3.0,2.0,-8.0,1.0,5.0,34.0,20.0,27.0,-5.0,14.0,4.0,20.0,-21.0,-14.0,-2.0,14.0,-13.0,4.0,2.0,6.0,-5.0,-7.0,0.0,-24.0,12.0,6.0,-2.0,35.0,2.0,1.0,23.0,39.0,63.0,12.0,-54.0,-102.0,97.0,37.0,-245.0,311.0,-192.0,73.0,29.0,-4.0,11.0,-3.0,9.0,-9.0,9.0,12.0,7.0,0.0,-14.0,-3.0,4.0,-11.0
22.0,-28.0,4.0,1.0,-7.0,-8.0,33.0,-29.0,36.0,16.0,-32.0,6.0,-6.0,69.0,186.0,-98.0,-15.0,9.0,15.0,13.0,-21.0,0.0,25.0,7.0,32.0,12.0,-18.0,-8.0,-24.0,-21.0,20.0,13.0,-39.0,-23.0,-7.0,1.0,-23.0,-5.0,-7.0,-18.0,18.0,-4.0,-12.0,-6.0,-17.0,12.0,-15.0,-17.0,0.0,-4.0,-7.0,23.0,7.0,-13.0,8.0,-8.0,-16.0,9.0,7.0,6.0,-27.0,-10.0,-1.0,-19.0,6.0,-1.0,-5.0,-4.0,16.0,21.0,-36.0,-7.0,14.0,44.0,53.0,36.0,-79.0,-99.0,119.0,82.0,-195.0,91.0,-83.0,18.0,25.0,7.0,-9.0,-17.0,7.0,5.0,8.0,1.0,-13.0,7.0,2.0,13.0,9.0,11.0
19.0,-26.0,37.0,-20.0,-11.0,9.0,3.0,-33.0,28.0,5.0,-17.0,-1.0,7.0,0.0,95.0,71.0,-63.0,-19.0,6.0,15.0,-1.0,-13.0,-9.0,18.0,12.0,17.0,20.0,-11.0,4.0,-10.0,-35.0,15.0,-21.0,-37.0,-2.0,-21.0,1.0,4.0,19.0,6.0,-13.0,8.0,16.0,2.0,20.0,34.0,-3.0,12.0,-1.0,18.0,7.0,18.0,13.0,14.0,50.0,45.0,15.0,6.0,-6.0,13.0,11.0,-3.0,15.0,10.0,5.0,1.0,4.0,1.0,17.0,50.0,-20.0,-1.0,-19.0,47.0,135.0,-7.0,-48.0,-75.0,118.0,115.0,-69.0,-31.0,37.0,-51.0,52.0,16.0,4.0,-1.0,16.0,-19.0,5.0,7.0,-8.0,-3.0,9.0,-18.0,7.0,5.0
37.0,-40.0,10.0,31.0,-32.0,18.0,32.0,-43.0,49.0,-33.0,23.0,-14.0,4.0,-34.0,36.0,47.0,-5.0,-112.0,-28.0,-11.0,-3.0,-11.0,-6.0,-13.0,6.0,25.0,21.0,-3.0,5.0,17.0,1.0,-12.0,2.0,-1.0,-20.0,12.0,-8.0,-9.0,-1.0,6.0,3.0,-10.0,-3.0,-9.0,-6.0,-19.0,-8.0,3.0,-34.0,-17.0,-7.0,8.0,-6.0,-5.0,5.0,6.0,18.0,18.0,16.0,19.0,30.0,31.0,25.0,24.0,21.0,6.0,-7.0,15.0,-5.0,46.0,-4.0,5.0,-23.0,-24.0,65.0,-28.0,-83.0,-75.0,125.0,38.0,54.0,-22.0,72.0,-95.0,36.0,23.0,5.0,-5.0,6.0,-18.0,-2.0,-11.0,3.0,-9.0,16.0,-4.0,10.0,-11.0
16.0,-34.0,10.0,3.0,-8.0,-1.0,14.0,-30.0,11.0,-28.0,17.0,-14.0,26.0,-30.0,40.0,5.0,93.0,-4.0,-85.0,-93.0,-50.0,1.0,11.0,-6.0,-3.0,9.0,14.0,8.0,-7.0,19.0,16.0,17.0,5.0,21.0,-14.0,1.0,7.0,8.0,-16.0,13.0,6.0,-8.0,-6.0,-9.0,-4.0,1.0,2.0,-10.0,-28.0,10.0,-41.0,-15.0,-13.0,10.0,3.0,-9.0,-6.0,4.0,-8.0,-12.0,7.0,-10.0,-6.0,-5.0,-10.0,12.0,-13.0,18.0,3.0,17.0,54.0,-14.0,-24.0,-32.0,2.0,-5.0,-71.0,-53.0,90.0,-33.0,-42.0,7.0,120.0,-91.0,-41.0,72.0,0.0,-4.0,3.0,-3.0,13.0,-6.0,-3.0,-15.0,-14.0,-14.0,10.0,9.0
0.0,-11.0,23.0,-4.0,-5.0,9.0,6.0,-20.0,8.0,-10.0,6.0,-22.0,20.0,-3.0,37.0,-15.0,38.0,60.0,91.0,23.0,-103.0,-112.0,-41.0,-31.0,-26.0,-8.0,13.0,8.0,13.0,-5.0,10.0,5.0,-15.0,-4.0,1.0,9.0,-5.0,-8.0,2.0,-4.0,19.0,6.0,-4.0,-4.0,0.0,4.0,-6.0,-2.0,12.0,14.0,-4.0,-11.0,-33.0,-19.0,1.0,-10.0,2.0,9.0,-10.0,-2.0,-7.0,-4.0,-1.0,-7.0,-4.0,20.0,1.0,-14.0,5.0,4.0,24.0,-11.0,-19.0,-17.0,29.0,-4.0,-87.0,50.0,19.0,46.0,-49.0,-106.0,146.0,6.0,-81.0,55.0,5.0,-12.0,19.0,2.0,-11.0,6.0,18.0,-2.0,20.0,-3.0,4.0,13.0
-13.0,-22.0,13.0,-12.0,-3.0,11.0,7.0,-15.0,38.0,-25.0,19.0,-6.0,-5.0,-27.0,4.0,-5.0,21.0,-5.0,47.0,80.0,110.0,4.0,-95.0,-99.0,-104.0,-43.0,11.0,-22.0,1.0,33.0,14.0,40.0,9.0,-17.0,7.0,7.0,-2.0,9.0,4.0,-19.0,10.0,18.0,8.0,5.0,-8.0,6.0,11.0,-2.0,-17.0,16.0,0.0,14.0,-3.0,-26.0,3.0,-30.0,7.0,5.0,-4.0,-12.0,9.0,8.0,-1.0,31.0,-7.0,2.0,9.0,-16.0,-13.0,20.0,63.0,-13.0,-51.0,-13.0,-1.0,2.0,-1.0,95.0,-71.0,30.0,-34.0,-58.0,95.0,73.0,-76.0,-31.0,39.0,-2.0,1.0,-8.0,4.0,-9.0,1.0,-10.0,15.0,-14.0,-3.0,-2.0
3.0,-6.0,15.0,-10.0,11.0,-6.0,-3.0,-22.0,35.0,-39.0,23.0,7.0,6.0,-16.0,8.0,-21.0,6.0,-25.0,0.0,29.0,38.0,156.0,61.0,-39.0,-128.0,-142.0,-103.0,-37.0,-31.0,17.0,38.0,27.0,7.0,-14.0,-14.0,12.0,-5.0,0.0,-17.0,-1.0,-6.0,2.0,-4.0,22.0,7.0,-18.0,11.0,4.0,-2.0,12.0,8.0,-4.0,-3.0,-8.0,21.0,-9.0,-8.0,1.0,25.0,2.0,17.0,-19.0,-9.0,-30.0,-19.0,-3.0,-24.0,-4.0,-15.0,-59.0,17.0,72.0,12.0,7.0,12.0,-55.0,4.0,138.0,-105.0,7.0,-58.0,-70.0,73.0,48.0,57.0,-101.0,41.0,-3.0,11.0,-8.0,1.0,6.0,9.0,-9.0,5.0,-15.0,5.0,7.0
16.0,-22.0,38.0,-17.0,-5.0,-5.0,21.0,-24.0,34.0,-38.0,20.0,4.0,3.0,-18.0,18.0,-26.0,11.0,16.0,18.0,-13.0,-13.0,21.0,74.0,133.0,109.0,-2.0,-81.0,-141.0,-172.0,-170.0,-89.0,28.0,41.0,32.0,-16.0,16.0,-25.0,-1.0,-6.0,13.0,3.0,-8.0,2.0,-6.0,11.0,4.0,8.0,14.0,14.0,-3.0,3.0,22.0,20.0,6.0,0.0,25.0,-11.0,1.0,-15.0,-25.0,-8.0,-9.0,-6.0,1.0,5.0,4.0,-20.0,-33.0,-36.0,10.0,-19.0,-3.0,-12.0,-18.0,17.0,-106.0,14.0,218.0,-119.0,-55.0,118.0,-153.0,38.0,-59.0,94.0,12.0,-37.0,29.0,1.0,-9.0,9.0,6.0,-1.0,-2.0,1.0,0.0,13.0,10.0
16.0,-58.0,10.0,-6.0,0.0,7.0,17.0,10.0,22.0,-25.0,23.0,6.0,-5.0,-14.0,25.0,-20.0,10.0,-14.0,-19.0,13.0,-13.0,-1.0,11.0,1.0,87.0,123.0,143.0,139.0,63.0,-55.0,-141.0,-195.0,-121.0,0.0,24.0,12.0,-21.0,10.0,-4.0,14.0,-12.0,-4.0,-15.0,0.0,15.0,-2.0,-9.0,-8.0,7.0,7.0,11.0,0.0,4.0,-2.0,-1.0,6.0,-9.0,3.0,-4.0,-10.0,6.0,4.0,13.0,9.0,-14.0,16.0,9.0,43.0,14.0,7.0,11.0,4.0,-7.0,-29.0,-4.0,-49.0,-113.0,219.0,52.0,-233.0,158.0,-80.0,27.0,34.0,-68.0,142.0,-105.0,17.0,0.0,-3.0,1.0,-5.0,8.0,3.0,20.0,2.0,-1.0,-4.0
-12.0,17.0,22.0,-7.0,15.0,-21.0,17.0,-31.0,4.0,-8.0,19.0,-24.0,35.0,-24.0,19.0,-30.0,14.0,-20.0,20.0,12.0,6.0,-21.0,35.0,-41.0,8.0,9.0,20.0,50.0,113.0,123.0,92.0,115.0,-12.0,-190.0,-57.0,27.0,12.0,-6.0,-1.0,-3.0,-4.0,13.0,6.0,-5.0,-12.0,18.0,-8.0,3.0,-7.0,10.0,5.0,-7.0,2.0,-12.0,2.0,2.0,-4.0,-13.0,5.0,-23.0,8.0,-9.0,-17.0,-9.0,14.0,1.0,-22.0,-19.0,7.0,0.0,-6.0,8.0,14.0,5.0,27.0,-21.0,-145.0,57.0,274.0,-318.0,132.0,-61.0,10.0,44.0,-112.0,128.0,56.0,-2.0,7.0,2.0,9.0,-22.0,-17.0,-14.0,5.0,-13.0,-5.0,0.0
4.0,9.0,-4.0,-8.0,-5.0,-15.0,20.0,-20.0,-5.0,-11.0,17.0,-17.0,12.0,-22.0,17.0,1.0,38.0,-22.0,-2.0,22.0,3.0,-22.0,19.0,6.0,16.0,-24.0,-11.0,-5.0,10.0,21.0,33.0,71.0,172.0,120.0,-160.0,-132.0,-4.0,22.0,18.0,-3.0,7.0,3.0,-8.0,-2.0,-21.0,-15.0,6.0,6.0,5.0,-4.0,3.0,-8.0,-3.0,7.0,5.0,6.0,20.0,-7.0,19.0,-8.0,-9.0,7.0,1.0,1.0,-8.0,2.0,-22.0,-31.0,-32.0,-27.0,-29.0,-19.0,8.0,0.0,32.0,4.0,-66.0,-63.0,269.0,-135.0,14.0,-80.0,28.0,55.0,-137.0,74.0,35.0,50.0,42.0,26.0,8.0,-7.0,20.0,2.0,3.0,2.0,13.0,-9.0
-18.0,11.0,-19.0,-21.0,14.0,-7.0,6.0,-23.0,20.0,-17.0,9.0,-4.0,-6.0,-9.0,5.0,-9.0,26.0,-37.0,14.0,-16.0,7.0,-7.0,-23.0,-16.0,18.0,0.0,1.0,6.0,-3.0,-6.0,-7.0,5.0,15.0,97.0,108.0,-54.0,-169.0,-107.0,17.0,22.0,21.0,21.0,0.0,5.0,4.0,-11.0,-14.0,-17.0,-18.0,-28.0,22.0,12.0,2.0,5.0,2.0,27.0,20.0,20.0,2.0,-20.0,-5.0,29.0,-23.0,5.0,14.0,19.0,17.0,-11.0,-5.0,-14.0,-16.0,-17.0,-56.0,-15.0,-12.0,-1.0,-24.0,-135.0,116.0,130.0,-81.0,-120.0,77.0,95.0,-168.0,-16.0,-35.0,-39.0,-52.0,21.0,26.0,-6.0,5.0,-7.0,-13.0,14.0,-5.0,8.0
-14.0,30.0,7.0,-16.0,8.0,-1.0,23.0,3.0,9.0,-9.0,10.0,4.0,-2.0,-3.0,-4.0,-2.0,14.0,-14.0,11.0,-10.0,20.0,-6.0,-3.0,6.0,2.0,-9.0,-1.0,14.0,-4.0,3.0,-8.0,8.0,-7.0,3.0,57.0,178.0,62.0,-157.0,-66.0,-10.0,24.0,10.0,-11.0,8.0,-4.0,7.0,41.0,9.0,-13.0,-34.0,-19.0,1.0,3.0,2.0,-16.0,4.0,3.0,32.0,42.0,-28.0,-44.0,13.0,7.0,-30.0,-47.0,4.0,35.0,-1.0,12.0,13.0,-3.0,26.0,-5.0,-76.0,28.0,15.0,24.0,-120.0,-23.0,138.0,22.0,-123.0,-11.0,170.0,-112.0,12.0,3.0,-3.0,-24.0,-46.0,49.0,-3.0,-12.0,-6.0,-5.0,-3.0,-14.0,8.0
4.0,-1.0,4.0,0.0,10.0,9.0,-6.0,-28.0,15.0,-19.0,11.0,-7.0,13.0,2.0,6.0,-5.0,10.0,-9.0,3.0,-7.0,9.0,-12.0,-3.0,0.0,10.0,-17.0,1.0,4.0,-7.0,7.0,-14.0,-4.0,0.0,2.0,1.0,14.0,131.0,66.0,-144.0,-51.0,9.0,35.0,25.0,4.0,-4.0,2.0,7.0,16.0,-9.0,-4.0,4.0,4.0,-23.0,-14.0,-19.0,-17.0,-28.0,-19.0,2.0,40.0,-15.0,-36.0,33.0,-2.0,-24.0,15.0,7.0,3.0,6.0,5.0,-27.0,22.0,79.0,-94.0,-47.0,84.0,-13.0,-33.0,-8.0,-59.0,146.0,-35.0,-69.0,168.0,-111.0,-36.0,23.0,98.0,-29.0,-67.0,48.0,57.0,-13.0,1.0,-11.0,11.0,3.0,-14.0
-2.0,13.0,8.0,-25.0,0.0,-15.0,13.0,-10.0,24.0,-20.0,14.0,-17.0,13.0,-10.0,9.0,-11.0,8.0,-13.0,12.0,2.0,3.0,13.0,3.0,-1.0,19.0,-10.0,2.0,-3.0,11.0,4.0,-9.0,29.0,-13.0,8.0,1.0,-3.0,12.0,133.0,0.0,-133.0,-46.0,-1.0,23.0,-7.0,15.0,0.0,-4.0,-3.0,13.0,5.0,-15.0,-5.0,10.0,3.0,-27.0,16.0,-25.0,-39.0,-7.0,4.0,24.0,-50.0,2.0,14.0,-11.0,14.0,-6.0,1.0,-8.0,13.0,-46.0,32.0,97.0,-40.0,-102.0,125.0,-82.0,-23.0,2.0,6.0,74.0,-2.0,-5.0,118.0,-38.0,-217.0,69.0,71.0,29.0,-42.0,-23.0,32.0,30.0,-11.0,-13.0,-6.0,-9.0,-12.0
1.0,-2.0,-6.0,5.0,-4.0,14.0,-1.0,-6.0,21.0,-29.0,23.0,-16.0,17.0,-9.0,11.0,-31.0,26.0,-34.0,4.0,-35.0,-6.0,18.0,-7.0,-20.0,18.0,-13.0,0.0,6.0,-15.0,12.0,-2.0,-1.0,-6.0,18.0,-13.0,4.0,-5.0,69.0,142.0,-110.0,-59.0,-42.0,31.0,3.0,10.0,11.0,11.0,-22.0,18.0,16.0,-9.0,5.0,-1.0,37.0,20.0,51.0,24.0,-16.0,-1.0,16.0,16.0,-2.0,-20.0,30.0,-3.0,33.0,-34.0,-26.0,23.0,9.0,-54.0,15.0,67.0,31.0,-55.0,52.0,11.0,-49.0,-93.0,172.0,-49.0,-7.0,-56.0,66.0,239.0,-316.0,-25.0,41.0,79.0,-53.0,27.0,-20.0,43.0,45.0,24.0,-22.0,-5.0,-19.0
15.0,-32.0,13.0,4.0,-15.0,-5.0,14.0,6.0,-6.0,-11.0,23.0,-23.0,23.0,-16.0,20.0,-17.0,30.0,-21.0,29.0,-18.0,21.0,-10.0,14.0,-16.0,23.0,-2.0,1.0,9.0,-2.0,-3.0,2.0,3.0,0.0,13.0,-23.0,37.0,-30.0,32.0,117.0,-1.0,-61.0,-47.0,-34.0,11.0,5.0,-15.0,36.0,9.0,-12.0,12.0,13.0,-14.0,-14.0,17.0,2.0,-13.0,17.0,-24.0,32.0,5.0,-10.0,-1.0,-20.0,4.0,3.0,6.0,3.0,-24.0,9.0,0.0,-41.0,-10.0,47.0,51.0,-58.0,-8.0,93.0,-61.0,-137.0,173.0,-74.0,85.0,-151.0,83.0,134.0,73.0,-151.0,-115.0,242.0,-26.0,-88.0,15.0,-34.0,-5.0,25.0,15.0,2.0,61.0
23.0,-8.0,28.0,-38.0,4.0,17.0,-3.0,12.0,-2.0,-13.0,32.0,-39.0,20.0,-23.0,18.0,-9.0,19.0,-4.0,14.0,-11.0,16.0,15.0,11.0,-20.0,22.0,-8.0,12.0,11.0,-2.0,4.0,5.0,-1.0,-11.0,11.0,-19.0,29.0,-16.0,-1.0,94.0,36.0,-90.0,-42.0,-44.0,-12.0,-26.0,-20.0,12.0,4.0,-19.0,-6.0,3.0,-15.0,-14.0,-20.0,24.0,18.0,-4.0,21.0,1.0,7.0,15.0,1.0,-16.0,21.0,-12.0,7.0,-39.0,-36.0,0.0,10.0,-4.0,-34.0,77.0,-39.0,1.0,-25.0,82.0,-18.0,-98.0,127.0,-127.0,126.0,-203.0,169.0,-18.0,165.0,-27.0,-395.0,62.0,257.0,-135.0,-79.0,93.0,7.0,25.0,36.0,26.0,-10.0
4.0,-19.0,17.0,4.0,13.0,-15.0,-2.0,-28.0,27.0,-32.0,41.0,-26.0,14.0,-18.0,26.0,-16.0,-5.0,-7.0,8.0,-16.0,-7.0,-13.0,1.0,-2.0,6.0,-21.0,-10.0,4.0,-32.0,10.0,0.0,14.0,-24.0,7.0,-1.0,0.0,4.0,-12.0,45.0,99.0,-53.0,-72.0,-25.0,-4.0,5.0,7.0,-36.0,42.0,-9.0,-4.0,-5.0,-6.0,0.0,-10.0,-22.0,5.0,5.0,20.0,-25.0,-21.0,24.0,2.0,35.0,7.0,-2.0,19.0,2.0,-24.0,-15.0,-8.0,2.0,-33.0,65.0,-11.0,-4.0,-35.0,9.0,26.0,-114.0,91.0,-23.0,30.0,-247.0,128.0,-33.0,72.0,277.0,-224.0,-280.0,316.0,69.0,-201.0,-17.0,41.0,50.0,50.0,80.0,51.0
15.0,-25.0,18.0,-3.0,3.0,-16.0,0.0,-21.0,26.0,-26.0,11.0,0.0,-15.0,-5.0,20.0,-2.0,9.0,-19.0,11.0,-13.0,17.0,-2.0,4.0,-7.0,28.0,-17.0,-10.0,11.0,-11.0,15.0,-15.0,10.0,-2.0,12.0,-9.0,2.0,-1.0,4.0,-1.0,116.0,-9.0,-81.0,-57.0,-2.0,4.0,21.0,-7.0,-1.0,1.0,-2.0,-3.0,16.0,-5.0,5.0,-23.0,-18.0,15.0,21.0,-6.0,-12.0,-2.0,-42.0,30.0,34.0,-7.0,8.0,4.0,-5.0,7.0,0.0,26.0,-41.0,49.0,3.0,-50.0,40.0,-2.0,21.0,-66.0,26.0,72.0,-45.0,-122.0,-17.0,92.0,-86.0,160.0,176.0,-510.0,196.0,139.0,-35.0,-45.0,-49.0,-39.0,-85.0,-23.0,29.0
12.0,-2.0,1.0,-26.0,7.0,19.0,16.0,-10.0,35.0,-14.0,20.0,3.0,4.0,-10.0,4.0,-10.0,8.0,-8.0,5.0,8.0,8.0,-8.0,-1.0,-16.0,-1.0,-13.0,8.0,10.0,-10.0,27.0,-20.0,13.0,-7.0,1.0,0.0,4.0,-20.0,6.0,-26.0,55.0,86.0,-53.0,-109.0,35.0,20.0,14.0,-6.0,5.0,-8.0,6.0,0.0,6.0,-8.0,7.0,-7.0,-22.0,1.0,6.0,20.0,3.0,21.0,-41.0,-65.0,28.0,-11.0,-15.0,-37.0,18.0,13.0,-6.0,-18.0,-33.0,55.0,23.0,-41.0,6.0,22.0,-19.0,-36.0,-11.0,77.0,-43.0,-40.0,-79.0,136.0,-52.0,-1.0,215.0,-123.0,-172.0,34.0,34.0,-123.0,-57.0,13.0,1.0,-69.0,-38.0
6.0,10.0,25.0,-34.0,13.0,-11.0,-6.0,-19.0,-1.0,-15.0,19.0,-27.0,3.0,-13.0,4.0,-2.0,6.0,-11.0,-8.0,-12.0,-12.0,11.0,-12.0,3.0,-12.0,-16.0,5.0,9.0,-25.0,11.0,-9.0,16.0,-15.0,-5.0,-16.0,8.0,-16.0,11.0,3.0,9.0,79.0,38.0,-120.0,47.0,41.0,7.0,6.0,17.0,-9.0,27.0,-11.0,-17.0,4.0,9.0,10.0,-5.0,11.0,13.0,-22.0,2.0,16.0,22.0,-28.0,-43.0,-14.0,7.0,-35.0,36.0,-8.0,-19.0,-6.0,-28.0,68.0,-18.0,3.0,-14.0,-10.0,-10.0,-4.0,-28.0,85.0,-83.0,41.0,-122.0,25.0,48.0,-79.0,42.0,185.0,-22.0,-17.0,-40.0,59.0,13.0,-108.0,-9.0,41.0,22.0
-19.0,17.0,-4.0,7.0,4.0,3.0,9.0,-3.0,14.0,-5.0,33.0,-14.0,9.0,-7.0,17.0,-3.0,14.0,-10.0,19.0,6.0,5.0,7.0,-13.0,9.0,3.0,-5.0,12.0,-9.0,-4.0,12.0,-16.0,14.0,-18.0,27.0,-18.0,7.0,0.0,-1.0,-4.0,-10.0,41.0,72.0,-49.0,49.0,3.0,10.0,4.0,15.0,-25.0,31.0,-8.0,-12.0,-3.0,-5.0,10.0,9.0,-29.0,19.0,5.0,-16.0,-6.0,39.0,36.0,-25.0,-24.0,-2.0,11.0,26.0,-5.0,-4.0,-46.0,17.0,33.0,20.0,-38.0,24.0,-6.0,-43.0,43.0,-52.0,46.0,-36.0,105.0,-139.0,80.0,-89.0,64.0,0.0,-117.0,184.0,102.0,70.0,-108.0,82.0,38.0,-65.0,-7.0,-47.0
-6.0,18.0,3.0,3.0,13.0,-11.0,1.0,-3.0,-4.0,-9.0,-8.0,7.0,-1.0,12.0,0.0,10.0,-2.0,-8.0,0.0,6.0,5.0,-3.0,13.0,21.0,3.0,-5.0,8.0,-11.0,5.0,10.0,-16.0,11.0,5.0,4.0,5.0,3.0,-20.0,24.0,-3.0,-9.0,6.0,63.0,-38.0,3.0,-23.0,-15.0,-2.0,11.0,23.0,8.0,-4.0,-14.0,-10.0,23.0,18.0,5.0,-11.0,-5.0,-5.0,-14.0,-8.0,-14.0,50.0,17.0,-28.0,0.0,-29.0,-1.0,-18.0,17.0,-25.0,-2.0,-30.0,35.0,-76.0,82.0,56.0,-94.0,69.0,-53.0,45.0,17.0,23.0,34.0,65.0,15.0,51.0,62.0,-149.0,-88.0,68.0,165.0,-19.0,-107.0,16.0,30.0,59.0,13.0
-31.0,16.0,1.0,-6.0,1.0,3.0,-11.0,2.0,17.0,-14.0,-2.0,6.0,-7.0,-11.0,3.0,0.0,-12.0,18.0,-13.0,-7.0,-2.0,-2.0,-16.0,-7.0,1.0,2.0,4.0,-3.0,-4.0,1.0,4.0,10.0,0.0,3.0,-11.0,12.0,0.0,-3.0,14.0,-2.0,5.0,55.0,-8.0,-55.0,-104.0,-38.0,23.0,29.0,17.0,-3.0,-5.0,-4.0,5.0,-28.0,-38.0,30.0,-4.0,20.0,3.0,-33.0,12.0,-25.0,-1.0,61.0,-38.0,-15.0,-10.0,38.0,-31.0,-4.0,-34.0,8.0,9.0,79.0,-133.0,82.0,108.0,-114.0,16.0,57.0,0.0,26.0,-35.0,54.0,-225.0,126.0,-36.0,155.0,2.0,-143.0,28.0,34.0,148.0,24.0,-58.0,-29.0,-39.0,69.0
3.0,-9.0,-4.0,-2.0,12.0,8.0,-8.0,-13.0,20.0,-5.0,21.0,-15.0,-8.0,22.0,4.0,3.0,10.0,-16.0,18.0,26.0,-8.0,26.0,2.0,11.0,-3.0,3.0,1.0,8.0,-11.0,5.0,5.0,-14.0,6.0,0.0,3.0,-3.0,-4.0,3.0,13.0,-8.0,20.0,39.0,72.0,-47.0,-134.0,-82.0,8.0,49.0,-15.0,-33.0,-20.0,24.0,22.0,19.0,-45.0,41.0,-15.0,27.0,27.0,-6.0,25.0,-26.0,-7.0,47.0,11.0,-8.0,-18.0,43.0,11.0,-12.0,11.0,-11.0,10.0,30.0,-25.0,-39.0,105.0,-97.0,-38.0,58.0,19.0,66.0,-20.0,-58.0,49.0,-169.0,39.0,135.0,47.0,-35.0,-152.0,-41.0,20.0,104.0,44.0,14.0,-9.0,-60.0
-14.0,0.0,28.0,-32.0,-11.0,11.0,4.0,-17.0,16.0,-9.0,10.0,-6.0,-3.0,7.0,1.0,-16.0,-3.0,-6.0,-6.0,-19.0,-16.0,10.0,-7.0,3.0,6.0,2.0,5.0,19.0,-35.0,19.0,3.0,1.0,4.0,-5.0,0.0,3.0,-7.0,2.0,-3.0,-17.0,6.0,9.0,102.0,17.0,-90.0,-47.0,2.0,28.0,-5.0,-1.0,-16.0,14.0,17.0,13.0,-24.0,6.0,7.0,-8.0,-11.0,-16.0,31.0,-41.0,-25.0,5.0,15.0,-4.0,-24.0,39.0,-20.0,-31.0,19.0,-16.0,-41.0,-44.0,83.0,-87.0,127.0,-114.0,16.0,-134.0,30.0,-20.0,165.0,-139.0,129.0,-114.0,-145.0,83.0,148.0,-2.0,-33.0,-82.0,-16.0,-17.0,36.0,12.0,76.0,34.0
